Mixing rate (rpm),Colour removal (%),Turbidity removal (%),Mixing time (min),Coagulant vol.,Nitrate conc.(ppm),Iron conc.(ppm),pH,DO(ppm),Salinity(PPT),Initial pH,Salinity (ppt),TDS (ppt),DO (ppm)
50.0,77.78,91.7,4.0,4.0,9.65,8.875,6.9,11.35,12.8,7.0,219.525,0.736,41.28049414824447
100.0,83.61,89.62,4.0,4.0,9.65,8.875,6.9,11.35,12.8,7.0,219.525,0.736,41.28049414824447
150.0,78.31,75.93,4.0,4.0,9.65,8.875,6.9,11.35,12.8,7.0,219.525,0.736,41.28049414824447
200.0,83.81,90.66,4.0,4.0,9.65,8.875,6.9,11.35,12.8,7.0,219.525,0.736,41.28049414824447
250.0,81.78,82.36,4.0,4.0,9.65,8.875,6.9,11.35,12.8,7.0,219.525,0.736,41.28049414824447
300.0,84.27,92.11,4.0,4.0,9.65,8.875,6.9,11.35,12.8,7.0,219.525,0.736,41.28049414824447
20.0,89.04,89.62,4.0,4.0,9.65,8.875,6.9,11.35,12.8,7.0,219.525,0.736,41.28049414824447
40.0,92.53,96.68,4.0,4.0,9.65,8.875,6.9,11.35,12.8,7.0,219.525,0.736,41.28049414824447
60.0,93.26,97.09,4.0,4.0,9.65,8.875,6.9,11.35,12.8,7.0,219.525,0.736,41.28049414824447
80.0,85.57,83.81,4.0,4.0,9.65,8.875,6.9,11.35,12.8,7.0,219.525,0.736,41.28049414824447
90.0,77.45,56.01,1.0,4.0,9.65,8.875,6.9,11.35,12.8,7.0,219.525,0.736,41.28049414824447
90.0,80.08,62.65,2.0,4.0,9.65,8.875,6.9,11.35,12.8,7.0,219.525,0.736,41.28049414824447
90.0,81.58,82.98,3.0,4.0,9.65,8.875,6.9,11.35,12.8,7.0,219.525,0.736,41.28049414824447
90.0,84.66,87.55,4.0,4.0,9.65,8.875,6.9,11.35,12.8,7.0,219.525,0.736,41.28049414824447
90.0,84.92,96.26,5.0,4.0,9.65,8.875,6.9,11.35,12.8,7.0,219.525,0.736,41.28049414824447
90.0,86.39,84.43,2.0,4.0,9.65,8.875,6.9,11.35,12.8,7.0,219.525,0.736,41.28049414824447
90.0,91.31,90.66,4.0,4.0,9.65,8.875,6.9,11.35,12.8,7.0,219.525,0.736,41.28049414824447
90.0,92.09,92.11,6.0,4.0,9.65,8.875,6.9,11.35,12.8,7.0,219.525,0.736,41.28049414824447
90.0,94.78,93.36,8.0,4.0,9.65,8.875,6.9,11.35,12.8,7.0,219.525,0.736,41.28049414824447
90.0,92.05,91.7,10.0,4.0,9.65,8.875,6.9,11.35,12.8,7.0,219.525,0.736,41.28049414824447
90.0,20.0,0.4357,4.0,2.0,120.0,86.93835213986785,86.47125140924464,11.35,12.8,7.0,219.525,0.736,41.28049414824447
90.0,30.0,0.3381,4.0,3.0,60.0,89.86425719185064,93.23562570462232,11.35,12.8,7.0,219.525,0.736,41.28049414824447
90.0,40.0,0.3149,4.0,4.0,42.0,90.55975921240392,95.26493799323562,11.35,12.8,7.0,219.525,0.736,41.28049414824447
90.0,50.0,0.3334,4.0,5.0,34.0,90.00515630808341,96.16685456595265,11.35,12.8,7.0,219.525,0.736,41.28049414824447
90.0,60.0,0.3511,4.0,6.0,56.0,89.47453623205784,93.68658399098084,11.35,12.8,7.0,219.525,0.736,41.28049414824447
90.0,100.0,0.4354,4.0,7.0,57.0,86.94734570047845,93.57384441939121,11.35,12.8,7.0,219.525,0.736,41.28049414824447
90.0,81.78,17.1,4.0,4.0,9.65,8.875,6.9,11.35,12.8,7.0,219.525,0.736,41.28049414824447
90.0,10.0,16.2,4.0,1.0,11.9,8.64,2.1,3.92,4.5,7.0,219.525,0.736,41.28049414824447
90.0,20.0,12.8,4.0,2.0,1.4,9.11,2.9,6.37,7.23,7.0,219.525,0.736,41.28049414824447
90.0,30.0,13.0,4.0,3.0,0.8,8.5,4.5,8.92,10.1,7.0,219.525,0.736,41.28049414824447
90.0,40.0,13.1,4.0,4.0,0.7,8.15,4.9,10.2,11.5,7.0,219.525,0.736,41.28049414824447
90.0,50.0,13.3,4.0,5.0,0.8,8.59,4.5,12.5,14.1,7.0,219.525,0.736,41.28049414824447
90.0,60.0,13.0,4.0,6.0,0.7,7.26,4.9,13.7,15.5,7.0,219.525,0.736,41.28049414824447
90.0,100.0,13.0,4.0,7.0,1.0,6.49,5.2,19.5,22.0,7.0,219.525,0.736,41.28049414824447
90.0,0.0,17.1,4.0,4.0,7.4,7.46,8.6,20.7,23.5,7.0,219.525,0.736,41.28049414824447
90.0,81.78,1.2,4.0,4.0,9.65,8.875,6.9,11.35,12.8,4.0,2.23,0.9,12.1
90.0,81.78,1.3,4.0,4.0,9.65,8.875,6.9,11.35,12.8,5.0,2.18,1.0,11.8
90.0,81.78,1.5,4.0,4.0,9.65,8.875,6.9,11.35,12.8,6.0,2.13,1.1,12.6
90.0,81.78,1.7,4.0,4.0,9.65,8.875,6.9,11.35,12.8,7.0,1.51,1.1,11.9
90.0,81.78,1.9,4.0,4.0,9.65,8.875,6.9,11.35,12.8,8.0,3.05,1.6,12.3
90.0,81.78,2.0,4.0,4.0,9.65,8.875,6.9,11.35,12.8,9.0,2.75,1.5,11.9
90.0,81.78,2.1,4.0,4.0,9.65,8.875,6.9,11.35,12.8,10.0,2.85,1.7,12.1
90.0,231.0,17.1,4.0,4.0,9.65,8.875,6.9,11.35,12.8,4.0,769.0,0.572,69.96098829648895
90.0,101.0,17.1,4.0,4.0,9.65,8.875,6.9,11.35,12.8,5.0,668.0,0.331,84.88023952095809
90.0,55.0,17.1,4.0,4.0,9.65,8.875,6.9,11.35,12.8,6.0,464.0,0.231,88.14655172413794
90.0,28.0,17.1,4.0,4.0,9.65,8.875,6.9,11.35,12.8,7.0,452.0,0.19,93.80530973451327
90.0,48.0,17.1,4.0,4.0,9.65,8.875,6.9,11.35,12.8,8.0,495.0,0.16,90.30303030303031
90.0,89.0,17.1,4.0,4.0,9.65,8.875,6.9,11.35,12.8,9.0,436.0,0.506,79.58715596330275
90.0,110.0,17.1,4.0,4.0,9.65,8.875,6.9,11.35,12.8,10.0,458.0,0.534,75.9825327510917
69.69802811815266,77.41449029205151,91.13257806547999,3.793668656266142,3.977508065509105,11.6190214795179,14.227653101499092,4.134806661084446,12.118535550682779,13.570221053790508,6.745933902198181,197.67461897882364,0.7879383534084676,43.29977851700985
113.50202974164324,74.06010446321947,87.17760879930351,4.768328621343676,3.8247834424621607,9.234750343006525,6.280210583135955,9.943856075988148,10.490562445886724,12.831408030632645,7.301345871705223,205.95963864148612,0.7417539524836374,40.48557157436031
176.32273352536637,79.8314514478845,72.81149772378168,3.911904976345721,4.133171521520785,12.065041483927587,10.930530385843188,4.0,11.170099910495813,13.548786763241395,6.7784292059162174,229.14768414111697,0.7997510162484432,40.77692545863206
211.07314368145583,86.31835750834087,91.68697792172664,3.9594706383719864,4.031789944178218,11.213895701116947,11.775048602231038,5.4992627109971775,11.552727242187748,13.21314494774488,7.140805260422804,246.24672155165467,0.8480911935336435,46.510491009916
240.9972962701546,84.7166223825607,82.57908308978736,3.5700745687328634,3.9553238879196595,4.417086985245554,15.01379964206539,6.984342150178672,11.88969656322359,12.292260466659556,6.720789373980205,174.36757535717237,0.7497116770499854,43.330079138223184
300.4973000339895,76.96448863048103,98.23917321906197,4.218153612402092,3.9727510440392,9.302421237078846,8.400899912616461,4.0,11.385559575397837,12.154642140403684,7.0415662223599895,243.8642220803573,0.7666360944895402,45.40631543146479
1.8866205234141589,100.0,91.57818417393797,3.9592031555100604,3.8038305417926113,2.6792592494702205,11.244672922543842,6.623824947242692,11.940700662655054,12.711684207315496,6.888850529587274,193.85748614574328,0.6365356031373915,43.434780696501065
51.64997646991704,100.0,97.20119860918157,4.190623663747917,3.9750259746558805,14.69604278805167,10.758582611735752,8.817460630664701,12.080735228201535,12.598560684636052,7.504646972806891,267.9973253521564,0.7768032720055795,44.21780414469175
55.96571731287215,85.059484154634,98.32218968344493,4.2202311292874795,4.002006184912052,13.520932433814384,10.548965999344357,6.50419032327463,11.056548659751742,12.778057182193342,6.99310018659992,189.42634943450668,0.7930942356630455,43.24027340909484
72.22787636579105,90.17290469694271,84.54309145256612,4.1217637793761766,4.269502104841349,11.388478060553474,7.479185035977744,10.0,11.594183981860747,13.100149595390176,7.150081504332547,255.0509119317118,0.7765627259806472,39.95857973897572
96.36067840327624,68.18670632051607,52.15340556261317,0.4078065697906814,3.9986129434042854,5.493487811900753,10.363511026778696,4.0,11.489234843050127,12.986697413930706,6.801218580092967,192.14084318404093,0.7569565536183687,45.16768969681499
100.77955222435342,74.57400137452035,64.09579316956417,2.0670096051764135,3.9768812514768306,8.827403072910396,6.493242978028675,8.161367582655206,11.134469970679694,12.051813378171031,7.041550601731611,211.04595423276822,0.703148000951931,36.70251351215173
92.71894423670308,83.14708680281812,83.81094340918331,2.702609859507809,4.0997764494150974,13.885452526454227,9.029445568077092,5.886789790383375,11.357950919995423,12.52285070575572,6.937355598483144,195.32868768243026,0.7487075188105897,41.29013007201065
88.03245932036846,77.7374101896501,85.9063671820509,3.8880697346175785,4.303706324145446,8.696853705319699,13.050439253157958,6.312549584644224,11.709206590337681,12.328479306926866,6.804056248363679,194.98030002322454,0.7019150106582719,42.89361041634296
89.75667819020002,91.76780535210558,92.82218571723786,5.402161119376602,4.0847291162771295,0.0,10.1769828375391,4.0,11.58892969849352,12.181742634773727,6.88647464431228,218.5338825835539,0.6624299502294813,43.809922283090266
89.13939885861247,88.63746843868249,85.17436879951845,2.6797011442439773,4.503796144128806,10.544792406220225,8.11920585010612,7.202535605270539,11.880851131656552,12.565648969560417,6.814983878846823,200.75796848168557,0.7249746034718344,42.56315697265931
97.75356130848472,93.19319215684445,94.9949760535106,4.5392302737759325,3.757478455495087,8.258717475085165,4.636085197519649,7.704393621160446,11.304459866996453,12.748134239728383,6.9016660727591965,176.07699465132427,0.717507793029854,40.169163767279365
83.35523623303706,98.63737646079788,90.70735907044472,6.319190026963374,3.7736403879139186,14.206191618713813,5.112165367341401,6.0446235840012,12.280619280102286,14.256244866182188,6.9880670421805124,232.4648714220202,0.7314257319328608,41.461160334032115
86.09690895702477,86.88319805092998,94.8349394063426,8.010231018632103,4.044033705858138,15.754608900612212,11.775511752501217,4.0,10.945603990364368,13.28332444042555,6.9779114779376386,225.0666130640997,0.7123142135295779,45.306238317446095
80.62788828067845,93.4470091543982,94.69867699453926,9.858223428857453,3.899740102787923,10.722425859257267,9.038057834399815,10.0,12.050013477618643,12.353719879932488,6.902822918350568,197.81874033877534,0.7349834045872766,41.85731339432675
96.34604990635215,13.971778919372237,5.874283478448135,3.569029043155382,2.117649198487992,119.03291595278095,85.7211971727311,10.0,11.993377177418624,12.633936965375812,6.986082142139226,223.70059658180745,0.7168658812216068,41.07652066524172
94.5036896624474,32.26578941304128,1.53898559601434,3.987775168020148,3.270776931821712,67.22492529525252,88.03962724686313,10.0,11.987626783693164,13.205328596038125,6.8275757600054,161.09024266015246,0.7989525327883018,41.953268085480936
90.48048221479631,48.737219507381,1.0036179608416607,4.113085985747202,3.8883920362403654,39.25519041814851,87.76810733732336,10.0,11.48812479927818,12.50860643202244,7.033780417792531,223.01608338947517,0.7299229824400999,42.22981126189576
92.23040091408457,61.85298868394802,0.0,3.787800268552184,4.946234605839815,37.55175982354219,83.8128672213282,10.0,11.993875817473782,13.533191424906189,6.689970019177196,169.59844318381892,0.7143080458257374,42.724244101164246
83.94385568562247,54.810108475545384,3.6787141042306626,4.043210806952687,5.942523100301258,54.69043742313096,90.26760310935909,10.0,11.99739897371321,11.792373555459696,6.843638096599397,193.3407946132372,0.6938889167591702,42.68482920453557
78.34564688239146,100.0,4.299297157011218,3.533767847862755,7.182990937019136,56.485271423844885,84.73950013134784,10.0,11.20434463864801,13.431382530229314,6.78294284789197,234.39309449597067,0.6650927483054795,37.63885246057976
73.55487053380148,93.94498269708454,19.60887962076434,4.176271364680769,3.669115630305999,10.966247589404595,5.835051483121786,7.377646257181337,11.508785658256071,13.215883080475988,7.14943007830397,211.22278706782882,0.6986084469056163,39.27679593489396
101.51964076922839,16.226103088593877,15.433902320446418,4.490065246124762,0.7376017954410733,20.938807676622194,4.99276060655301,4.0,4.311324020516719,4.156802243019329,7.065965459959643,221.0801147836043,0.7359487508717678,41.97296762952228
96.46513547777036,22.427084087647103,11.533871293701635,3.809499006626329,1.9673645489248026,0.0,8.392110909429336,5.364091502659322,6.598980260513939,7.805468911684337,6.873642282535282,220.38010174219235,0.8049057517898194,41.89321840310664
86.4234472493499,29.294878193620075,15.84142549050783,4.103969793133186,2.954108027341311,0.0,11.011836201208558,9.226580817389804,8.082976536038453,9.574595915998566,6.949055452336482,214.11477220936752,0.7576490714920474,42.19901584184824
71.96244916208859,28.920831089649575,17.54657305004357,4.214228279951743,4.078184104948906,0.0,9.116101268490112,6.71745081778212,10.399457728572974,11.945453305882394,7.014211511318363,245.7509000461337,0.7732272059645815,42.28813931499659
84.26493583725403,54.67478286703283,8.114762582963976,3.7967919370570127,5.201371099413644,4.909496347062363,13.704817579498503,4.0,12.528680955668591,14.201989406776466,6.962322220848611,216.32548629767393,0.8192152383085226,38.852879385316996
95.63081506729569,55.93490517285068,16.13902358077547,3.846427352435886,5.985255713304654,0.0,6.762598323660709,8.534368283897617,13.81527904656324,15.700052557226519,6.851642759355481,262.63201423624787,0.7219374073045257,39.93451964587637
91.78376512462663,100.0,17.563477137254225,3.9234725894652493,6.861774535408096,3.8996339552423143,3.4089146292564085,8.486273927745838,20.09572309549237,22.96260468860923,7.489304773095486,225.58565697822988,0.7288190726066727,44.06625215297414
87.66110542208364,6.270888123005817,16.13663544252719,3.946162516990231,3.9662974447302046,7.81079087276986,8.716075790248754,10.0,20.783568460110875,23.01669452569317,7.091082931679164,240.9098285518164,0.7172055664998582,44.88303494342023
92.26757341021053,83.44282753694225,0.0,3.873767579866378,3.726930416007452,10.153221583106276,11.720982895374126,7.444725227025726,11.081053770961773,12.68704908318453,4.0,0.0,0.8802131374216001,10.95293776358833
93.17021247491964,75.42175709316068,5.561152685396918,4.144335118755884,3.912491406724563,10.595487357606107,13.281307639220284,4.191003660613289,11.610998686836822,12.548876962704682,5.087792776943189,0.0,1.0233205967200762,8.358390984052598
92.9691170199073,78.8850749481102,0.5638112959910674,3.7155808432443753,3.937800271072147,12.0151187850541,9.321756376322352,8.000479526720063,11.172341613661272,12.606164554650402,5.905121841133705,42.20663822449057,1.05146299326303,13.881438281266021
88.89801533600112,63.587370876204034,0.15954449854996233,4.270147541516009,3.9976067643238804,9.2103595314551,10.479537073797937,6.517648548831185,11.514723501675485,13.516825244816985,6.9762374661575635,8.489452489228942,1.1094454897913049,11.945334702936146
87.36221684138398,77.1313149650928,0.0,3.65590005594213,4.29881284177186,9.363647487552983,8.262979647806091,6.139945523889584,11.502543863396156,12.851037363562833,8.239362036816406,0.0,1.6069392415231623,9.141523234735187
100.60081549951016,89.57783016874069,2.9388107913915236,3.8642592898912262,3.9720019927169274,14.276625549985365,8.814128915825227,6.93352845398982,12.251991514598906,12.991941825787496,9.271056988433648,30.457987239983783,1.4959513564450864,8.183862954520821
89.8098547124293,76.4349230204863,3.283784934563336,4.179089138307683,3.850564319869829,13.035157598334417,6.6920650292067325,10.0,11.490060700885941,14.016506322000584,10.0,38.95450153640948,1.659735681342889,12.698789416507603
95.830898842337,100.0,16.301789420831184,3.6373096966802,3.9663370514255463,17.457587315059317,8.618921483742458,6.732265132659199,11.671207479366963,12.418928804142935,4.249033170279086,797.44925554853,0.58069357638483,69.1060671931814
85.00266138478995,98.05299857152293,21.583652154885534,4.063031470608122,3.9766506081386797,6.437237763870183,7.874674720913535,8.35622487574295,11.072980756204517,12.95192560635539,5.088072035031151,675.6651941505779,0.36250829729998457,83.00549526701214
75.71104741084119,49.674150725445706,12.632409639066939,3.8223379421350527,4.145612298558264,12.618632370697906,2.003308576396236,8.277599958728292,10.30336359690862,13.577869382550537,5.841705798254412,461.79927681544484,0.23443934337212724,92.45921072875646
86.64308866565652,27.60852974184737,17.497557948476256,4.0509790034813635,3.6549973423165047,1.0028313766505939,11.136708234866258,7.106546297571789,10.268464323435296,12.044586529776268,6.881386883590512,460.9195768992912,0.1252554558477252,96.23881144749497
76.90194584467474,50.824058000404676,15.875006158048574,3.430879577754374,4.1385477559299915,10.464148451022059,8.11570945981463,10.0,11.822891074966186,13.314400545961304,7.759453348483231,496.53850964523235,0.15356406441208897,92.44160488252054
96.98803925472966,85.2128056008387,13.965227498534757,4.239117965425191,4.184865314369907,3.2577760264891635,5.58138637484968,7.932392624069068,12.251763260077947,13.083635358479793,9.08021294573336,429.7269429570408,0.4974410448388283,79.2060143634991
93.24761382831821,88.17425584215826,16.9987781055332,3.7959173555288386,3.8035908570249575,9.883134654848048,9.066960219242645,6.538190725478874,10.55578520323757,12.346822951610461,9.951946212936358,439.4118957596489,0.48947066863365046,72.2092887971863
47.88006008340231,61.51301538901127,91.94527467755859,3.9648140349787697,4.233853239199226,9.674545832814111,9.161614897963728,5.9012144738163865,10.449721556090125,12.935418219314496,6.805238499678692,228.94722554686206,0.6461698987606481,44.00503971942315
105.90372554551595,92.87251577525072,87.08381990443418,4.363281432390617,4.2446534174498565,11.708629278875808,12.827637349043318,7.361947915789078,11.131452257204108,11.21269363109013,7.065630434495766,236.60113190638904,0.7809497361745993,45.03323725411464
154.42444077630506,80.60350731437795,80.55961119885635,4.457895477025499,3.896953997869838,9.425540586227623,4.0110280882329,10.0,10.887377166207301,13.41799291193893,7.152109776444624,236.46663219359635,0.7528562796382315,43.643228290350145
203.1429794706497,85.24320023067934,87.46274205658712,3.7080484287913893,4.066910964347302,3.1561663459762324,5.240886180851769,6.470399874778968,11.219945443861489,12.419615926388097,7.036452734080135,191.05341048001938,0.7597141165154407,40.562688436121476
242.78574649976218,88.52963643122905,80.44565359831525,4.0527144652772025,3.8609800927804554,11.895012395074048,10.05388171151124,9.162086550655403,10.78797553834985,12.82773601306338,6.965276116393166,223.31421362112786,0.7157435211902645,41.63014715650285
296.6754659489998,84.30416934462541,93.02142604143634,4.180559751390758,4.404465705404893,7.572201031609661,9.427503926668482,6.208517580270736,11.430659109131879,11.987185628130806,7.020047662916611,206.6740514842189,0.783250657559244,40.224386911103096
27.883009215382053,82.10637599768067,91.12357414688591,4.0479907018561825,3.6096901440666387,8.790601869034386,6.080708002985516,6.277300040527093,11.207515445663924,13.17625261978739,7.586402631220014,227.3452617501075,0.7260824724512245,37.343355391169624
31.433489472054227,97.59923583013389,96.8389510499492,3.7347263957146213,4.0696549022607,6.905261370858922,7.042400181364926,6.152015713498381,11.066813380400092,12.592101039251975,7.194837782777156,200.7004425181418,0.7322210038582897,38.06245665016706
66.75385404062304,97.37669516739076,99.764920384802,4.167532281756868,3.9889049265233574,8.678449071806858,13.175344953127022,7.516215110228697,11.70087180028484,12.703251215016966,7.047215778462409,209.19408789485226,0.7471897652975756,41.50546236978989
74.2757309947894,84.9967558117923,84.00570906900518,3.647547998280391,4.119513154156208,10.276733379740977,9.56803829168262,5.711878068401502,11.903733875205766,12.177919329017188,7.073962406583684,220.29009048097973,0.6411707992305677,42.105963602886966
102.51822262154832,74.11429039731087,53.45890516436866,0.9768247231187253,3.766686074674664,14.471997923964746,9.34025683452052,10.0,11.91591067180105,13.346789083705582,6.746273206904951,192.31739754334782,0.7282017950470803,41.88457472527939
76.69145933821522,79.97227838696396,60.99214780481497,1.8649280415055174,3.954251514296441,10.81710861781672,4.926990133820912,7.28265667524373,11.931248692783761,13.266281979548685,6.99418349225654,215.0222157562635,0.713769591213004,45.54805142127882
75.11607954129343,87.6181639526935,79.17326940676479,3.318618404586923,3.871600314868698,12.751377348155724,4.239587658166038,6.687707718276987,11.429786286855594,11.87528202863836,7.063930671782836,207.4954238012297,0.7248783156509758,38.24589457975586
86.61825136356323,84.07602607767146,89.15189677776807,3.9292986135893653,3.8145583329729864,3.7318763920799682,6.08932372376017,8.24691116204661,12.239497479103257,12.590263858130944,6.96649361271633,234.81962555288356,0.7753901916221067,41.73905821410843
89.6340421179671,79.9230062203842,100.0,4.477853834299554,3.645071703138186,10.928409767186817,6.993660183106099,8.194279680519607,11.318843632104002,12.758518727630747,7.172201440219514,215.2076456210527,0.7576063082335746,42.23981896808365
95.85056465490464,77.26062065677543,83.12434920665834,2.0763521317787954,4.170544273008704,9.37160098214856,8.9605841492463,5.0880994679958755,10.983204925882369,12.78834601386812,7.148187481566527,218.39625997977174,0.751809258429708,42.123134897277
87.66839048321066,85.6691148009402,91.57591574032153,4.01595643969989,4.0366060936188735,6.945650904617154,9.469856058133164,6.547537934307619,11.29710317882983,13.19708233262333,7.345473355827037,209.00123307976025,0.6847794399674584,38.443062811811906
93.15715122710061,99.53320576487866,89.1200824633855,5.990996688750314,3.9812898381012216,8.301855699636665,6.126225386330633,4.0,11.550491194569082,13.397938369653163,7.0106710646001735,205.5646089984884,0.7612986951679223,42.11773949059067
93.49319260578976,94.90943699722905,95.76841323023059,7.235447837484099,3.8017537487138875,9.012079329406342,13.754876070520215,8.587272616048471,11.424896003146365,13.452944834695186,7.3058288944950665,248.2715710156334,0.69233739611771,43.264966749309686
94.57403935171659,93.77053318705669,88.49402383839588,9.380608790030742,4.109349423031793,16.633755796546605,7.2677710051605295,4.0,11.008008997044634,12.877432913410157,7.069867033644412,220.50556259846186,0.6346665000960638,39.2988695384464
91.75299501345907,24.623089782169927,0.3425231221651134,3.9940785375145964,1.8857442762239827,119.32630859121608,90.62296216015396,10.0,11.11977265785495,12.730184800986917,6.916497888086719,261.2622906268312,0.6952923651855486,43.48541041905717
83.99769892213658,27.72224723689342,0.0,4.059889509834998,2.8778742914568833,61.86956178147403,92.31021407028337,10.0,11.310183718155088,13.645053878142976,6.99025564552936,228.91966357001607,0.7269293730012557,37.50801384348133
84.4473527590155,39.5427041452088,3.3268910926574398,3.6038927937558536,4.055864269236365,40.21211009528732,90.40503105334368,10.0,11.851447887289465,13.051931515857232,7.009433559975105,245.57400977422694,0.7235209625968549,40.720648667318585
94.52908681386548,59.33650094943094,1.5022982007860384,3.8168711565457576,5.260768964563378,39.592632368133344,90.56074391419287,10.0,10.987807674598285,12.111426903927802,6.580992740050341,165.83514517493944,0.6993233964426258,40.920830032552246
87.88254984246717,57.06393123110386,0.0,3.9356713206622476,6.1935308162579465,51.12112986055825,87.57810505654727,10.0,10.778079161107152,12.178349875688543,7.065681908669212,189.47101303845912,0.7660795351954451,44.32209798683796
89.39701463368377,95.2266379584615,0.0,3.315027031754188,6.980725193999942,56.31205407458884,84.7771704119572,10.0,12.13274509189282,13.690856909513435,6.693502362638807,237.5171505785209,0.7422006918812896,40.59792115663635
89.55460454522864,85.54565923131801,12.07743862202308,4.107609373691591,4.44205637205099,6.774891504695786,10.007465822220444,10.0,12.331007174622053,13.727855962081813,6.82122371998292,222.45483462018416,0.7831908591817837,40.315753437794314
93.6306128659872,11.945557535858583,12.09741142049215,3.8391134980309234,1.0150014565015613,12.17981738186384,7.469596787711824,4.0,4.483974476427299,4.820650146582752,7.118384381134359,245.89532485033305,0.7705232645033401,36.835489617685404
67.04932246641062,24.523532386636646,12.415251393282878,4.010970556092042,2.1240581486035897,7.4127909974175505,9.615925053518904,4.0,6.885746278585285,7.96249384544368,6.96132901111024,218.86527279895532,0.7862299469690728,40.8971213179197
97.73881447432358,18.024825623141247,7.505447217145004,4.089785446643251,2.975880884756624,0.0,7.337121624697495,10.0,9.25625397286505,10.523536746300481,6.882951711552623,240.58223591252406,0.7604260167882549,44.008777874073964
88.14412826185061,29.690970120073803,11.640233259070692,3.9112280843417864,3.773991102809489,0.0,10.948792110681046,7.643807659688813,10.514437820495607,11.468719143256024,6.850124401797055,231.17317205384032,0.774447691868756,37.11244286540351
90.68467640687855,51.78486959698402,12.224343357386118,4.1913895619752655,4.849621850873335,0.5206311792180909,8.709827527253717,6.831544789598219,12.669251305109862,14.030632595704182,7.032668182948943,205.0520116076294,0.7318323690579832,43.322302932030794
87.48732330178771,69.83572650028599,16.084024348388287,4.130410416838482,6.056480507054351,0.0,4.571143441751143,7.756388346209437,14.177594252954307,16.17650396855445,7.103055775544356,225.6972837969387,0.748717603169493,40.23882351767812
99.96764128086222,94.47640087033666,13.411090062790118,3.755080412215509,6.905957069136463,0.0,4.03199706921675,4.0,19.69247234934826,21.763036464635658,6.998116551533231,235.58041350675643,0.7239289105177793,43.06900139334635
68.67993426562771,7.155503747435258,15.727664587075674,3.6732641431373856,4.265069040268456,8.473217070968952,5.446308688749205,7.612240146498994,20.49065760523031,24.483411467863764,7.183354781095058,222.9664608072394,0.7569129687611454,40.92749840364593
76.39810962820005,73.22938030037147,3.9886861874648725,3.785362694908735,4.018051803535641,12.967932666166897,7.161298262840639,6.2175919545017715,11.133837459498869,12.878321923939227,4.046489768417313,12.156322060719406,1.0351443265867732,12.110087438757711
85.04006758505244,93.25386402953608,0.0,3.9797332422600715,4.054285455968135,7.79899289712719,8.579423582497702,6.4340502207063395,10.532038218317634,12.936339544196642,4.826071247007046,0.0,0.9191369126600412,8.948740406308959
95.91641873475541,81.93977815562091,1.1190024368873563,3.7444589169975555,3.6778703236724315,6.319510631498213,9.983676098546407,4.474472121449768,11.102312560598794,12.866279522604628,6.042649873294504,0.0,1.1409015526924673,15.24393901928837
94.36785963781294,99.56638071337693,0.7284491285647423,3.837301547038443,4.17575333150865,13.089316788974369,10.272763537080072,4.0,11.656113232675857,12.344365283063697,7.283893524747213,0.0,1.1368353916166005,12.993912856924377
85.76629146812914,84.11687351251642,0.0,3.7846467683349205,3.7605347870382437,5.376866893289544,11.277228326407359,4.0,10.976015063929632,12.729779537938942,7.85782508611922,0.0,1.6740022778471388,13.060237758507748
84.93650755465657,83.7796180443359,0.0,3.791020238106082,4.052649417976344,11.256317402063605,10.404797290232981,4.384583416541275,11.535959601476996,12.6378314414951,8.90671383522361,0.0,1.458262262456794,14.385026877344762
86.7186133847794,80.36621355576158,1.099675637120642,3.9192446967768166,3.9384073739802186,9.24597436637491,10.586113768396169,6.259815608965172,12.431338307653657,13.01117550005634,9.840740392831227,0.0,1.7184270317085335,14.16775448611201
83.87807167001935,100.0,14.847229403980123,4.22905563643649,3.807590361689803,8.270683152365157,6.807500259174857,7.655885158338073,11.164055887640458,12.3196115920895,4.0,740.5955229513469,0.6020115252682239,73.37585362512327
88.44216995528299,95.80686309620998,18.87986380586026,4.518050911633398,4.143650296318046,13.871048034668064,10.674217054600803,9.222808510154074,10.191563758548185,13.104007348002499,4.987646491693645,655.740980317034,0.40738206595202653,85.47384396195459
80.06252210531726,60.50479437267148,14.875884195451487,3.7748559111132014,3.8432335158099282,11.752109426271904,6.014774891368143,9.165623210197257,10.962098299213716,13.293706739431878,5.938835988800658,427.48366688751724,0.27190587817167716,88.0431586885004
97.29996299742356,22.00133740281894,16.818011691584058,3.7327937999937517,4.158001524853802,0.0,6.749022689680164,6.922544536393394,10.886931435875796,12.336272661750533,6.953095049731499,446.4498954576394,0.2300316026374647,91.90091107558649
93.67677211676384,36.30518055552153,15.724573837643003,4.1966442151056125,3.931587768425337,7.806875967927242,8.787196567670714,7.841618423582649,10.873123133830637,12.717611140562422,8.049712082961694,503.78062453215574,0.15293746269940336,91.47837420223647
90.32568432236172,91.32935677805956,17.801586544243836,4.081522601165715,3.8224400925091575,5.698461663150201,8.390586873066038,8.129314596627768,10.970494155710472,12.609957071890584,9.095412887474398,415.2038968365323,0.4180989313519463,84.48083904608517
90.3160588867294,100.0,24.282123467242876,4.381445142066567,4.060612462543958,10.532750340003961,7.511991767448816,10.0,11.717029878587699,13.054281865441325,9.963756172699828,432.7272007600052,0.5453269487936551,76.68217812360689
49.86893103069251,78.61874497934313,87.2646099367348,4.902000374276476,4.0999141216303645,13.666207810069881,10.58480091975386,10.0,11.002960614616105,12.426825013295916,7.167236307919345,257.0195090219562,0.6673146217135092,43.61366671461736
113.89461099577,87.34952762592243,91.86245523307305,4.593911414248894,3.7631620705321396,9.060059744474579,11.752560271369841,4.350585639244159,11.70253309234893,12.472576236340698,6.909016385329079,220.44429579764602,0.7466265697827754,37.6967588958925
154.95262032642236,87.7453104622543,73.8927784595212,3.889746544009631,3.942217781354038,10.049072077006718,11.371487887526136,6.088451808794186,11.988216052287854,11.497176710528066,6.93270387477602,218.23140440893576,0.7425174390008354,45.34781117240196
193.83634214935893,84.721363572321,91.28085948344207,4.413563975686911,4.049478492362123,11.735942219567246,7.951770824740308,10.0,10.914617956906353,12.147494647403882,7.2399600012944445,217.26213105683854,0.817488787656088,42.873703726274165
251.25519979570166,79.53118277226176,82.31434639940916,4.0699308902367335,4.230409470297576,4.2530463088351524,9.200991191507748,4.0,11.041999814779977,13.13839490470182,6.973182935959191,217.98957077333856,0.8217156758233439,39.67714489405159
307.92849564969305,83.06173095705974,93.94968733874211,4.329945448139429,3.5895087285000353,5.46893231457918,9.662495464848877,7.78363298388747,11.808159628444637,12.827413346797545,7.258087579114207,239.49338912749886,0.7643424753973651,39.27128913959688
28.63249507965759,75.9707093372611,92.1045880102885,3.5408677111474143,4.204501723032739,8.687639905990565,8.614232666721398,8.154359000082518,11.46495112937772,13.40663576334773,7.116291568063852,223.19313851329173,0.7764341198852447,39.15696470229946
38.64967446883848,97.67185400300964,96.35831437063193,4.096880826236937,3.707171865242329,8.06968524202526,12.774599282322283,9.717331409880577,11.294697447436278,12.35175473282897,6.985916291362751,245.46938118564043,0.7527698552081301,42.48656696126965
65.90981390108544,100.0,95.69587763416285,4.205725826155378,4.185359559387754,5.153606112660664,11.98081608968426,10.0,11.195120945883035,12.110634029052985,7.034529749972843,190.6292343103212,0.7998423247442964,43.5651253622756
71.52025330137121,96.49143442684701,87.22250302491501,4.252990654433664,3.804018692888945,8.997674389697892,8.171255565132853,6.2871765688105326,10.20600055020067,13.11777192066325,7.348907518972309,221.9405312675953,0.7260938696690946,39.180806994572556
94.96956975752681,74.05134892661246,57.042834145684076,0.8847123723369205,3.8299273269239853,7.732484284938296,10.50101111146369,7.881224279668591,11.570548528567217,12.609742419784311,7.251281817649961,202.96365357664982,0.7980085251913681,40.546539462773055
95.5150344975481,69.92031169632229,65.61853643262864,1.7383395854416401,4.339470483415677,11.96202902960044,11.523743243055824,4.4203903697923135,12.357243764909096,11.997818551964174,6.888036772687829,300.69904597151054,0.7635326915819595,42.256048166653876
88.46530955976854,81.59642177035572,88.34731416883213,2.194079833701559,4.07324544444531,7.989672342868515,12.632762086904364,4.0,11.872033259756657,11.912285830608932,7.055395521611774,212.59420515457236,0.698079407444822,36.78736509442575
68.91876410198279,81.11954692963671,81.5415758618998,3.9503510258736596,4.005248426719639,9.972829939557046,10.417476512144342,4.0,11.136535868513711,13.569646868362128,7.154477820422883,209.07060682657917,0.7667434457717937,43.741228247449904
88.90873146716619,86.69209535286244,98.78108911577955,5.262462471134673,4.108632640292649,13.733324075324914,10.809393919808594,8.361934512214681,12.32290562850707,12.766313123075276,7.07885269506727,222.26995288977798,0.7397440271334731,43.967297963301895
75.4263427567041,86.95299222955413,81.81102217138829,2.1382053088088733,3.926380296839341,14.707563123960101,8.360262182748183,10.0,11.038715168202467,13.546554839669739,6.916016194376862,189.2975337403503,0.7874592658576403,41.47064945095445
95.33941666289668,85.08035851424903,91.86983223002885,3.7427613406756275,4.164080024857849,11.180965122891317,10.222417403160414,8.106351228428846,12.391038519949646,12.31484440834318,7.079799889931956,192.27296118109282,0.7022789215132588,39.263052705661295
79.67258417313825,85.51103585318893,91.58926423816044,6.057253166734345,4.103247727972077,17.009333670873485,11.42431076476877,8.402549958325523,10.954898600982105,12.554219715726045,6.978590101523815,166.10535628067618,0.7123247888206707,42.89292328745329
106.07855322466534,100.0,95.31364713439655,7.805419498122141,3.9614975376145094,1.7847680266569705,12.897219608256528,4.0,10.946436211028386,12.26429984705862,7.016495727531295,154.6383196264278,0.868919768809592,39.99781722981931
91.42818306812617,100.0,92.05095741013443,9.96173199777148,3.9608848900523084,2.3161044838520057,14.468654506192891,4.0,11.194983912469315,13.152627361751875,7.125611569211176,209.89934590255135,0.7633794301902479,40.79649658511341
101.38673248872678,22.815218364059834,1.683269882151438,4.288995935513352,1.993892709450858,122.67351192938762,92.22318469290336,10.0,10.206579547499652,12.821035067726148,6.846949031118367,233.87088714347814,0.7588627604411476,42.48616893014996
92.35114251173596,26.022684130095257,0.6538941777171062,4.244900664800569,3.197692770270228,64.73393787502984,85.56328187209374,10.0,10.938058013822692,12.32339625756222,7.2152021193298195,248.48421197668623,0.6783977986157885,35.377910889368266
95.29910227882304,33.28759954616889,1.9486846311886987,3.582193883014167,4.1491334555387445,48.50487119943096,92.16510334157664,10.0,11.13313635259098,12.801707349944387,7.094927497023614,198.2735442288729,0.6853990567831236,38.927813695978706
97.16118378289475,44.135902613161214,0.0,3.7391866011336474,4.867463199251466,36.86305964163033,90.80512653665241,10.0,11.868303111765135,11.553606514665725,7.157231217431429,270.0851283328514,0.724258738073574,39.903217416742656
89.7617303267031,62.1842321431584,0.2598094630121621,4.05523003180629,6.005012698050085,55.045929385884605,89.88685745628285,10.0,11.755766662016573,14.012887439486416,7.015088438850989,201.27222310979158,0.7266860263625122,42.47020566081762
98.55088435149347,92.874160672633,0.0,3.8485554281675833,7.063539913015967,59.29353410737031,86.32950778359763,10.0,10.150128166506102,12.776712227603841,6.969071330099107,249.7449633635124,0.7291528829444692,41.63904400294995
97.09158257651104,89.07551082838732,10.394188625176213,3.9603023749739195,4.041886502765884,14.560530892349528,7.8309084523421,8.905267997962182,11.435258491365163,13.236574020467492,7.086356864971137,201.84599552012665,0.778605963013936,39.21499573657796
90.72192879154322,15.476138449534496,15.354538356428439,3.976380740869565,0.7594560065434723,7.9358582438512695,13.312498300391951,4.0,3.566367163929144,4.883667668802108,7.276466419169892,221.32575378769116,0.7312856078185698,38.90141191830187
88.52177759380935,16.124151264308978,14.188657936473248,3.9260466491543893,2.1433543024551778,1.1021592377611158,8.583597107873704,5.493819172204219,5.831892274294411,7.067467327722904,7.046100764587349,243.28887202698908,0.7042606217216613,35.55705727457098
70.22179861306286,28.03605027149891,17.878965819096496,4.047666279509498,2.921148643521387,1.1410392874966941,7.285238072102869,5.374906424985288,8.843280121733674,10.318709781758612,6.8774107414274654,222.25573697635133,0.7339438020466607,40.90391321065326
92.28086955707768,32.4141991500772,16.032729031618562,4.014323893923605,3.9555291303938986,1.1976158372860264,5.7791349007815445,4.0,10.377950960548212,11.04246374948215,7.09984341432093,165.87503767230567,0.7672899853098881,37.64799508716416
81.76632610577359,54.30139700857174,15.279983416378581,3.590190753099287,4.968501261961789,3.673844342864868,10.319788583689677,4.0,11.981068136928906,13.752242817605316,6.912835927640393,198.52419441797088,0.7729098260051193,43.28905567421696
92.73771905803369,63.75000490577399,14.165585901171944,3.565449473756628,6.053802154545892,3.804728060699368,6.931530746720988,5.1925083532057155,13.407800806449885,15.073275607736054,6.87179562596857,220.80734310295395,0.7563502191481549,42.87936379408977
103.92064967551674,93.7364566061407,16.799843421049523,4.376349542904458,6.850650083278237,0.5530995059015964,9.573215899821468,4.62476514699357,19.068739078325688,21.624844778880064,7.037896094980368,233.41661946388356,0.6964795822772284,37.159770899846755
97.47669732204896,15.799378721257384,15.095822112250687,3.676387083072343,4.027481762392088,0.8517733625032635,4.90163851597122,10.0,20.963694526037898,23.669301909208123,6.946381967739295,248.66247408862372,0.688130961642886,34.22654403578547
92.24305648480129,70.5157490880719,3.7954715234645278,3.6609942120412327,3.9018667349948744,9.922607402535107,7.239452166303817,8.241136269332861,11.73051622661046,13.069737460165491,4.0918088471694585,12.11115604479483,0.9315359646535402,9.186694437408107
91.42751563004143,77.90279749803199,4.725553900788139,4.3644800525649545,4.155434549825538,6.100775046599916,12.757919164584841,4.022222588839176,12.014896852661519,13.530499451255867,4.963156003822566,21.494512934980246,1.0201767846092051,11.41076456952158
97.2717454929973,91.76392112057559,0.0,4.071722845458126,3.6877796043702946,6.650220418636356,7.275121086450282,4.380153515704025,12.18547626963815,13.135473986604126,6.145120031147592,3.405408212848287,1.0825799347426768,13.758327324694871
81.83068117762022,79.60043726558773,3.921275306187134,4.154175113306033,3.7873173993795652,5.813846075066735,6.930106326895717,6.1453909871762455,11.027946497721056,11.975748363072304,6.699853953641354,38.61273056790737,1.1175811868763736,16.13391133889006
85.74180719636509,79.21164229410655,0.6138321639938351,3.7978819748670674,4.039504267590991,9.312158052769973,11.412508110876185,4.0,12.268005031675948,12.675990152612997,8.051634533785725,0.0,1.5714015476427092,17.160361080167398
78.26774291923705,75.16753479549885,2.324701019612072,4.434071217316592,3.8141198587285263,14.331985334514519,9.114685848317817,9.09951393966405,11.437295523803215,12.684731907019932,9.455850921631543,21.23483131242189,1.5127045441077078,10.312872513774858
98.3794473034387,81.65030255381004,6.825404902737411,3.8499618921977543,3.8553913873241537,14.839372367952517,10.462864105251768,10.0,11.830435948131479,12.405098370336791,10.0,41.60045226488633,1.7308815918836324,8.601298026700206
97.48963557375889,100.0,19.68142976205398,3.7253695717969673,4.2877610188171635,11.124385458356201,9.744603451538868,4.0,10.8960268128575,12.148079620561683,4.0,721.3980757849605,0.4953158552351607,70.63790859641199
95.70504157523655,100.0,16.82469232529729,4.031724359583471,4.233821566364849,9.004969317782754,5.565067335190717,5.100747605579231,11.228644000478685,12.242059645343163,5.396435110076835,666.5288542097277,0.3160115009214386,88.23892249090356
97.20174453347616,57.047172868973284,15.6311942805563,3.6483941321696713,3.9640660847554847,1.349486453650627,3.6823987392432764,6.383825095629186,11.167915444836279,13.996870859818403,6.229644825347426,450.6342543477717,0.22964661282807708,86.14870451019131
78.97196673277476,31.136698613175422,16.466665400332875,3.823574408169552,3.8934020193454475,16.361183140730212,7.530180493228363,10.0,11.793735351821287,14.190379886550577,6.967674113683622,469.3482579320455,0.147441871776279,93.72246075288349
89.82684802017697,53.46399644300915,15.959185352921097,3.6369007084429854,3.894939933342996,6.339206308550548,6.752021844869606,4.88059063993678,11.540695364725305,12.831915869407288,7.758455928582217,496.727033191286,0.1494079375062631,90.1687574474462
100.29166632202802,95.1807555668073,12.778850684640288,4.018282303259208,3.874542663423703,9.91076599474476,8.971733953069577,5.938069003556406,12.131618345567508,13.167479172643548,9.191140035212412,432.8321688008576,0.4628844894975394,82.44061578517004
91.42830884967437,100.0,13.091662693892292,4.1546149413187425,4.170011617419605,6.9246237589002595,7.069018067935009,4.133742255191953,10.72607689809298,12.92693473221325,9.971344744656188,473.22546502735656,0.5286937052748817,77.33004269917726
41.400997745758566,71.30096123201275,93.28524240337282,3.344742757333528,4.300280591547025,10.754717323903513,7.396843946154756,6.39544623848013,11.782741822315522,12.377032756902647,6.775423352224267,240.9694438414165,0.7137577685121663,40.004845388309555
95.88953263232897,74.71567997788881,87.36093792697609,3.877109533313382,4.463839405814588,9.663544586860834,14.163474376741696,8.689296037339115,10.113622629548459,13.582792490575777,6.797230068748799,185.07335928710108,0.7442118991955596,42.09035124431128
141.39020615448914,77.67151412545489,75.17144193424305,4.001696180195065,3.9731513486654433,5.96992560860706,11.904110272403067,7.003964165176811,12.374292114054265,11.957896201929104,7.253782556130238,195.17841930564913,0.7717801392660388,41.24740168710354
192.1831329705363,78.54156054671952,91.4207684514908,4.015662939748919,3.8384903436268423,9.705980219668364,10.567351766600611,10.0,11.229052951415088,12.112808586109654,7.040338070431435,224.5242910571865,0.7283423722587727,37.69990357091472
256.2437232006749,100.0,80.1289209953146,4.087664807811919,4.178269190062023,10.72151999113277,10.661745719536533,10.0,11.474361181249723,13.500396066327562,6.978638806604245,173.29787340552278,0.7127531890681389,39.54163307113222
309.17734503007694,74.93820385245522,92.44258889472441,4.446450264904263,3.9631547092671187,2.3290653778913644,9.65383368277006,8.122341060903539,11.280796718901707,13.163521543059835,7.083913093458961,202.09310376874816,0.6879732205015465,43.75467963885707
21.499314241151666,77.1361872623269,93.32693042093813,4.270555373992834,3.846719801700428,9.808971157321078,9.736608618328543,4.0,11.809614988412562,13.012880973944094,7.025791612838393,219.40267010217335,0.6828913242455155,42.45861655594369
37.823632631778366,86.79393395329492,100.0,3.7914726407277026,3.972877249993298,10.252473996671887,8.726727933454788,6.3111564170153205,11.520834384052257,12.708407880793635,7.293572532942949,207.14577447782716,0.6423666723290573,39.12582825900037
56.04440596633294,100.0,92.82100232412573,3.9863621085152934,4.129771320121085,13.358717352236841,14.217480488545121,9.566227791570697,10.987526847341005,13.616475184762043,7.104170037601705,225.73176194050401,0.8229529476818257,46.09681137976196
82.43148342902865,96.71490537470504,83.67585473978913,3.7337076061674166,4.441659170731673,14.448544799630664,8.083845972939361,9.719782694737496,11.185155921285402,13.0736083240666,7.090616094399442,225.68297192951133,0.742524950557911,41.74940549547006
92.36631764682627,60.53877890584228,57.29373417090853,1.1340112817594772,3.9519831351332613,11.156890101791314,9.75589739097983,4.998283225340476,10.137130997423581,13.310983070242807,7.046472123004116,243.97568689362717,0.72196661523155,42.233092925318466
100.01598190023229,68.98601753211025,65.10325359206367,2.2344345010788023,4.083983269969158,10.322246944671488,9.613901548891054,4.986208354791987,11.529268844642893,12.575808236405965,6.992355700513251,234.71990991613325,0.7189816535140868,42.20218814368539
85.98824524341958,81.93842259947488,86.61461191889141,2.9806935166499993,3.969072603074319,4.5401311638533945,10.763983650275279,6.369880560989132,11.68297009259653,12.335144143543776,7.1940194455904,229.74623907450626,0.7496897647070827,42.98333107689624
77.33062869643743,78.73869516232563,93.13093714999253,3.849017067183453,4.1173845293998905,6.926793670541896,5.091424557717007,5.988738307253322,11.374278089172686,12.852629323096762,7.063902109534915,241.01207341588596,0.7139731292962782,40.564773348137074
87.78405621344656,75.63480577901461,99.21447719737779,5.154351167677478,3.9774735020421756,7.362097951230954,12.244741675759718,4.873691592547596,11.185934013210746,12.857463339975968,6.7768368192501525,217.28105564481683,0.7686348753214626,44.29611862514861
91.43676761883019,94.14201763291457,88.85844019704363,1.5821076155863374,4.052571057569895,9.248056708372244,7.429180918855282,5.289946256478777,11.423957333207907,12.9089164928309,7.0076628762040905,274.3581856986839,0.7682727166223698,42.65998816830959
88.94690080847045,86.32544474951727,91.83523831380138,4.59210579423503,3.9504829742029512,3.1554446788399204,12.132059345020675,5.393924616975733,10.796928316914597,12.737761828169818,6.820687399013871,215.06514739699384,0.7318744780490833,41.50303451921603
83.65679535701464,76.81416380834554,90.33249760593382,6.252125014490784,4.211725031757645,8.617636393007768,9.548337829706211,4.743418063042203,10.451974212996532,12.265773854332288,7.199813886396999,196.10292106172167,0.7345030928215673,41.356113661340835
74.15098201996321,100.0,96.71432384343737,8.040234508811288,4.272787009192392,14.141830775361719,5.194558159615459,10.0,11.760943361912933,13.277644284948783,7.200415723125301,242.18265972854869,0.7089831437473032,41.744564240361264
71.47128715238429,100.0,91.1401162501994,10.08797859557887,4.147515025697944,9.706052081290446,7.287503294878006,4.0,11.692578833708506,12.87030039977173,7.218492058162786,228.5406805853181,0.7473925514515312,42.46150984855724
95.03007615918843,21.724543506071363,0.0,3.766468209024586,2.2071809746771,114.96485853954604,88.62143716665771,10.0,11.60943696753393,12.857997967858786,7.236011709139122,269.9956092365803,0.8018795912600618,40.160949142153015
95.77843309860724,30.925203556587245,0.0,3.842680077078917,3.2025611408298165,61.17551841153849,90.57490177409385,10.0,11.292588306699786,13.530137375701635,7.1877027942096765,206.80495963357188,0.7083327653005345,42.167439563143176
100.75589951483447,46.06909988360085,3.480960703629635,3.844205039651667,4.302579093698776,35.57572291121407,91.31279126943492,10.0,11.92230833681546,12.00903399911608,7.150008523705778,220.74006627509166,0.7129340119690623,37.58336207927543
84.18763207382526,42.566961970471496,0.9475978529962392,4.246737968464588,5.29459062845262,46.0587755120357,86.85785689872817,10.0,11.194759016508318,12.028177738790507,7.021087945874776,237.51990476828942,0.7276029734622865,39.750828680810116
83.6147353782975,48.20825479557307,0.0,4.0089302356759715,6.477177412054372,55.79887379425763,92.23722801421079,10.0,11.280821560879923,12.62599464576629,6.7946771998407005,270.7508401982604,0.7610642376005492,40.6299081483512
91.40113188538989,92.65462876772621,3.556950369456958,3.587991480307422,6.911771393239276,51.161904785082776,81.28443380695614,10.0,11.172741730234698,13.197365979855148,6.786590482595713,197.25420094885206,0.763363297895873,38.060576685691494
83.70512081905872,84.77280892510967,18.76746213985574,3.810363869569347,3.9560405101651175,6.734494073467973,7.429449708539041,7.396307221610458,11.386702659732716,12.500006511813915,6.899958259917406,183.84773254010412,0.7329353567616211,43.21677275941549
80.4403201494105,6.5722135842718234,18.61900966921162,4.020101602354136,1.2944383374852246,15.386842345985494,5.978941254227745,4.0,4.184781275809359,4.1205220919179615,7.007914809676831,220.93509581927168,0.7657722994661039,40.68683135876465
95.61761899682003,19.294062900972882,15.195469039317814,4.0852853184362115,2.0142349579740015,0.0,9.467032066843718,4.0,5.371058555662651,6.968227183280248,6.799811334925976,210.80864364111056,0.7488149180704673,42.57612476241103
79.1334915118187,26.703294517176417,8.8240867788269,3.909881156544613,2.8963429829607117,4.086583331400342,6.7428152365724925,10.0,9.314641097913311,10.90564790994089,6.789037398547983,229.66257014175815,0.7641931054038427,36.51531726766121
94.74261162632669,40.10367987713568,17.563501150718768,3.2379639785228176,4.067113702102159,0.0,8.905451866731193,4.163690345615675,9.901035639472813,11.384552682473235,6.811303567043349,263.2329830607477,0.7927590615390013,39.01366293215288
85.77629368576433,50.30216328236375,15.295612233341762,4.039802630053773,4.788416730913986,1.1529399168535084,6.216945767415829,4.060462375212793,11.91054100854023,14.785155148451842,7.100026498434858,163.84173979628093,0.6562449054527169,37.03430602176291
100.53163006633693,50.632113808357715,12.2690658375751,3.680008563557703,5.956833377389494,1.8126590002221974,7.7801797848185466,4.0,13.320876451303132,15.325165968109996,6.994492715465095,145.9279495594418,0.755253389896318,37.70991818077578
99.97833647592611,97.90801561492239,16.06504699354538,3.806189221265795,6.794349210852871,0.0,3.7009580131882425,6.719708005380415,19.118814727418066,22.60966259581414,7.165968876882832,176.97170823582724,0.7762252744774973,45.4760294340077
92.93942489268355,0.0,18.41214188301089,4.198122417598005,3.791135109932318,6.04018929946721,11.133979760054856,6.312029393528334,20.869302280087826,21.995513902811233,6.958694355933423,220.2403723935135,0.660141669956872,41.9815366936689
78.52026438881177,73.72451211058083,7.440809729036665,4.059904098785958,3.832119962399634,6.958718317834322,10.597331743436026,4.959995429152669,11.776948768648245,13.50181745388953,4.0,0.0,0.875873523072408,10.24784539748437
93.9705027933387,73.87295499299364,2.5952439582031683,4.111043962170546,4.249050318296221,7.0540899629685185,7.5200852460670555,4.923194184302396,11.76987281451469,13.24410487215986,5.151103671774746,0.0,1.018508690779829,13.32614190748871
101.95044993463125,69.95402742528118,0.8827565282851455,4.370309217251599,4.091800089806286,13.439166460725469,7.9828726434638195,5.654977286790455,11.140528003981064,12.904757334847599,5.997685613524104,0.0,1.0060796637302183,11.179796569340432
82.76062416996143,83.6281496068169,0.23547448921444625,3.7464803790631427,4.120339539666224,6.192698128670129,9.459717491395633,4.634098796636264,11.597516827554475,13.542567509962215,6.981861121059786,0.0,1.1409191980617774,10.812055422346042
82.02616452889659,82.81113454139405,3.990574537610352,4.246608624291623,4.180727699665703,9.358163344389524,5.214203833021938,7.23968546178395,11.744773945044695,13.229142761335686,7.963857326277069,20.962532925279515,1.6948360769724002,14.49481447440148
82.42520106784718,80.27879466226972,0.0,3.8566074521786824,3.9297278731190124,10.25054345370986,7.211218104446909,5.244267010956978,12.158825439627947,13.109221733461819,9.18018565612752,32.436038236571136,1.481481307355935,15.23864656998281
93.09507620998863,93.60905481484836,0.430714152593644,3.8324384353704186,4.290634102912232,11.516913262627286,5.691349706433927,4.0,11.426868246753601,11.899347323943822,10.0,24.758159963458784,1.6602941975188195,13.005741538899228
83.56726881394951,100.0,17.541050042173044,3.9500652364987787,3.872357277681569,11.761798098100888,14.305885906668191,7.014571966774975,11.069049086625705,13.363246210405848,4.0,784.9997003670518,0.6227359896281185,72.10150879132925
91.36806984013971,96.61817775366785,20.72003568552314,4.054739273546117,3.836369803883576,12.250982696208787,9.225784345871306,5.460151356606969,10.503079826475185,12.395126313811906,5.012322952062784,680.0869694940487,0.33420376800409557,88.61705108197174
88.75337201359372,45.91580147043038,15.587708956826472,3.46719073476827,4.219587023237198,5.374934122290463,8.636136827926817,4.0,10.921414382876154,12.543088735813198,5.835322624638866,459.0983277560714,0.2863780737675882,93.52108204912355
90.41742565971501,30.590616793358066,23.768955343891488,4.382547018818789,4.150268927381064,13.475726323694293,5.8059165007146,8.636267645921253,11.754192091699458,13.114892884144178,6.769583746532035,444.1390186593936,0.21639274022445595,87.93384497538678
95.890937963198,31.178664626022996,16.51706800822261,3.836338797054039,4.119343963750451,8.574908823566743,10.674007277135846,8.817075318853606,11.76261863958345,14.18453183769292,8.171988782881188,528.0926711603661,0.18942163866675432,90.06236625509462
86.75521051335608,90.83976493907069,16.232375274591288,3.9061874907927736,3.861536555782374,13.657850094830298,11.637860426014996,8.23453220244373,12.002016548318373,12.628653040824688,9.433304887638137,433.32342820346565,0.43269019879098103,82.2091732647786
88.93945549794898,100.0,21.410863108034604,4.211728117224742,4.329197542605453,8.591454633244942,5.830491746881995,6.078737804098515,11.617489382254643,13.197899319068153,10.0,451.62489860476006,0.6105823789859134,75.10474181505447
51.979201297535084,84.46220455615195,91.5270662665274,4.339229813605362,3.92907533046459,9.357413711109524,10.692395305814403,10.0,12.255395198359931,12.29868362249456,7.023270186072337,171.18398986681856,0.7412855699323495,40.54261397519197
104.8340057741973,97.85494605378676,84.28036090207615,4.204484618716939,3.9079496672912852,8.315394833796034,8.241421506612353,8.139315017723863,11.349044346401351,12.935930495998345,6.823577493714776,178.66858696746078,0.7850596945492502,38.18924354085338
131.8011427188948,74.88237520472401,81.26151151648848,3.495652901744093,3.969192542115196,14.421863429472365,10.336776258075673,4.264681143204225,12.202923779432346,12.586395705391483,6.758884675008407,214.47368553629806,0.7268634251752085,42.48917141044761
215.211993144979,93.95236058955447,83.38705868486721,4.929534481818324,4.0827706326083915,6.87258499781789,9.706808204086139,5.256723635722031,11.357138765123263,12.075941207436644,6.67835328935387,204.28010501781174,0.6678246785174162,44.68512560811463
239.99674956985308,69.92640116347309,83.00912798306717,4.455664620539229,3.996341875515471,16.6873778578094,10.316791938388565,8.597636790921586,10.846783411934988,13.957033688040545,6.872939325616259,220.27751058813712,0.6743549833475434,38.50065833976687
285.2136133422629,89.13228269835089,92.11649846043218,4.172044922101416,3.933567725494999,5.022972558238616,9.437409478288963,8.4437792050387,11.110551946483929,13.199206374770894,7.100245106057968,215.6057839650403,0.8210746038994332,35.15891881685304
13.201571162254409,95.83150438168124,89.01310105769824,4.4144764731709385,3.9462932824805854,14.745446205031765,11.578043245341913,10.0,11.616058102143844,12.450004604158849,6.779538469432094,227.58715986782255,0.7241015886413206,42.44390310876614
34.99245510311295,88.35292611254896,100.0,4.117483361482437,4.348643996122862,4.606204305230295,11.056405637848474,5.311965860242024,10.26313178702646,12.837976475410352,6.966071899374005,163.52774565866736,0.840738734507118,36.778793538632016
63.03601186575689,89.52801560530949,93.0722553686034,3.4871776228371414,4.090510966074478,2.718023086838426,7.038740751589033,5.624926788167432,10.420691413655359,12.971485141979263,6.853957752524681,224.62228702307053,0.7198361575660276,42.01946366461929
70.39623441023063,87.66643730325322,84.41395381618719,3.8567304068246457,3.9414869531710743,8.629504679122345,6.928853318761827,4.0,11.952886201662727,12.76804535929799,7.107591989428322,241.20858983068965,0.7425863047406089,43.1427781092163
100.76288277066358,72.40681518640244,63.88279010943578,1.0354131887070823,3.7901269109621154,6.45331596858354,10.699820698228532,5.944946135953514,11.808390255900788,12.338190847156893,6.865325261846077,221.93874560143712,0.7199467000849903,34.53115039359668
87.24146130953717,84.82205798168448,62.587073573438374,2.0412911405860132,3.9107084011858197,8.391667959981755,11.028597810982257,5.4554950807895946,12.500714355780815,13.354694566193736,6.704293634100652,225.1912613815141,0.7771128912954243,42.196402161395575
89.1424788701192,80.45039669948156,81.56746287669614,3.2424702975449162,4.075891788081267,10.7216949806043,10.015585273418214,5.245838045307214,12.149622824946,12.179890945878498,7.18513858671517,199.21243522574284,0.7256612860967374,40.44362493244257
90.88924773574112,100.0,91.37599854754826,4.2170186454461245,4.425652787975471,8.521796907237055,12.677711434331712,8.99920427403958,11.498200530208278,13.10309432242381,6.853830728887459,244.8072177702371,0.7339593996032993,41.32631853620545
91.52729167344562,94.02985573874389,99.67419448080247,4.759623027516408,4.029324507665176,12.51120860018375,5.915033042003623,10.0,11.670366646331578,13.23775054844174,7.250908405939455,241.3154805114416,0.766295058925679,38.69428653982434
81.56340688567944,100.0,84.33921489265673,1.5461044638076349,3.7216486917515903,3.0411271232581187,8.894929399787438,10.0,10.831276937992085,13.053373943014433,7.015048458283544,235.60985510464647,0.7481816265826959,39.22324816848736
96.7010459758469,93.11581298526207,88.2436380944051,3.8684431322765978,3.9474895707786275,0.0,10.760175603732668,4.0,11.208921594897827,12.497491425008256,6.95612211402165,208.33128174007803,0.7951884830058441,45.85027163207632
92.14426385596316,95.48204381682457,94.29706771379674,5.901749332630956,3.869181656434114,11.765510738379747,3.0600859042626647,5.0788884734847315,10.678860238250456,12.2783186656761,6.903983179662003,209.647351183391,0.7146928268632275,45.82652878288265
90.76819414239434,100.0,95.80670364466775,7.955225881870713,4.033070084408418,5.8880446729856395,10.345594620192303,10.0,11.773764708012864,12.045750550087801,6.918027243650037,200.8906218639367,0.7701013878231555,42.44143098725627
77.50950308749913,96.1518672633502,90.65208855384044,10.186258864181394,3.9999034570704657,9.03215826238232,6.09399186161531,5.221668910886746,10.881906532578318,12.912194055944443,6.867235159433012,210.80976563741842,0.7489561855982984,40.52086404784607
92.55266610376289,14.720597277749631,1.9513136977929457,3.431147378613811,2.0912109233361638,119.94138480615617,89.00183535175339,10.0,11.281016507400722,11.851793930434832,7.130967927043795,220.77779401427082,0.7241791229216856,41.15252712947164
90.07261150625857,20.112650770955515,0.0,4.341768780308879,2.9740697614175886,60.426162783129286,90.38736960244077,10.0,11.474021900414076,12.757665319476445,6.946244836765936,220.40875456105857,0.7405748388841971,42.87099839119104
95.32625105201043,34.72642579852371,0.0,4.1652240622223635,3.8043437007809717,38.16415541583806,89.04449669587417,10.0,11.346700705948056,13.782975490046027,6.911351112570275,248.96195077322886,0.7452126911121628,40.87128289564218
89.00874410420423,61.62518044795431,1.7086456445238105,4.066977626051739,5.157040066017864,37.045364436034596,88.06965105645479,10.0,12.208251213674782,12.562519863034082,7.07524140184816,232.31817904533867,0.76595019282821,36.72595481866148
90.37424361032535,63.052681926558286,0.540560504801877,3.734996003365147,6.402616804959719,60.13050537486831,88.27659055100528,10.0,11.339453866290848,12.44043478361521,6.781497889099711,240.90746530009383,0.7422641905502233,38.26974061233284
74.26625823511297,88.99158072912778,2.6449183263133325,4.477558577880716,7.112943138268011,55.26517140079764,85.90722376370096,10.0,11.241688101671173,13.106024400805707,7.136147811182832,256.6739337571266,0.760031962633667,39.14358464457988
88.82442067444887,87.89757862360415,15.64888923494431,4.154073353425732,3.927078479912367,10.04452681896338,9.913345319202945,5.461307425783456,11.632608687689045,13.40877652406059,6.847944772416373,244.68004047026426,0.700921457807633,36.2516015541674
89.48756536270116,34.10657085931774,13.20171548882449,3.884220258059365,1.0363227000658946,12.606326828130276,8.529186950205847,4.0,3.7957456808335306,5.191859272705692,6.886076482070852,192.6322350508258,0.694990526351117,40.50214638731588
86.83170316593532,21.592452692498885,13.08238813107921,3.8508094269704256,2.040461609748267,3.380075507349319,13.60278183804985,4.0,6.765748175750676,8.03406314282029,6.7073928099621245,195.39351053108132,0.6895280293817293,40.70069920788921
92.27005392982024,29.273073107239576,6.723162377102335,3.501897284828532,3.1820779412554163,0.0,9.573755157925024,9.438267539502192,8.683246263627916,9.76649723902297,7.059345856889934,239.18609158796949,0.743762865715332,43.10094514416293
93.6349996539257,44.35139845839893,13.212383060880727,4.010843700568366,3.8718563664205647,3.5355183828694203,11.049405185284392,5.960650891073593,10.607032348561166,11.526124773717138,7.106274425383738,241.63145956355618,0.7091220965928954,43.08582987278114
94.99004881320481,49.72168700621643,18.154485782010823,4.041910696878811,5.180855405603472,0.0,6.520800634690077,8.6393162480162,11.983962612688972,14.500583349332649,6.792485022672249,232.78640758654012,0.7996734640547419,39.91765121371883
101.51572743710969,43.4009946117895,10.90625830298157,4.805097202648064,5.992881696774827,3.088707295576395,6.664539378664485,4.0,13.823621970375696,15.956712222770873,7.079183681167118,237.49950986882,0.6730290670996594,39.74483751501245
90.70062182496287,94.86393699120919,14.008961885863085,3.9217158281080504,7.153517343875033,1.1707759953343257,1.6430382923327906,8.722014157074577,19.16392377193952,21.51164235939957,7.117647983304343,178.08965714086642,0.6954343868604583,45.961164721542005
96.95082991514731,9.539679530333496,16.75252858515375,4.169223882380586,3.9569615407114904,16.93522763460697,4.907034231360411,10.0,21.430154031064127,23.732162497410798,6.807983409443233,257.40218635744077,0.7100193428712868,41.90410928724377
82.1710422298588,79.4202449588205,7.189692077488745,4.160797676747315,3.965035262157805,9.789450133822754,3.590692815409602,4.0,12.09149813804206,13.123063953035508,4.080470871288661,0.0,0.9135394774008835,12.024287597883898
101.55096769250423,80.59564192978243,0.6060084021839881,3.9237416829121137,3.864335622877655,12.384050733284258,11.304796699569492,7.726210210726606,11.073830096293397,12.051675054129964,4.637888369988643,49.90439417434946,0.9845708868120889,11.825350251795891
85.1849168807661,88.4511511357941,1.6513389378716656,4.222616244373847,3.8914544241246762,9.564729037190627,7.694435811340198,8.134785325723955,11.24389079233693,12.861723722469604,5.722600159916222,9.519155099712219,1.0817243382711388,12.593166713637775
102.80017460607432,76.65575057503906,1.3261885730242913,4.45284398922087,3.8880661386732602,7.192080062283106,3.2294594435675714,4.1786044821589154,11.537621468542778,11.834895141407493,7.398065851129816,0.0,1.1892488803147778,15.054970247675625
106.87219473720533,81.1597937444896,1.7623599715836342,4.6329956315725465,4.3442033407428715,10.113535689645932,9.803197294684114,5.353854831575158,11.710971745639505,13.104763778537908,7.921044307098351,0.0,1.5721412657059093,12.740624218179118
84.84446664564297,76.85037375835597,2.5118853735440974,4.409121991423524,3.936582788410955,11.188425360634747,11.41608572274888,4.0,11.875575517121392,12.434906860094857,8.771879591269164,53.94962076844583,1.5094034124079927,5.967284689753677
84.35004191454256,74.37910770748354,2.9772918465049334,3.839140472957778,4.224024473153372,6.213931444023716,7.1136409474309,7.669233044813847,11.793981919835566,12.626425932934097,9.957763709554843,64.65397121882191,1.7284106261856018,11.685582610606035
99.52822710200385,100.0,13.870311517914187,4.152450314748814,4.153596575418319,7.439879116137164,9.039984365517663,8.474837638944324,12.232823459196524,11.992163163549092,4.0,792.4630964221269,0.5172571569763934,66.79754505223168
85.67246556168675,100.0,19.073257829049247,4.246589053927417,3.9954837280503526,9.237736339466863,8.51918797504733,6.075221100553154,11.410480593163967,12.872743877224707,5.197343596846998,714.2288175481787,0.3513072940748075,88.82821851968133
86.82003769566705,64.7467752915599,14.00885738620244,4.082361894468373,4.191094427142081,10.226152334955652,11.30614297439774,9.929488271666463,11.071360658210072,12.465832059993025,6.05251883768271,496.3109795296882,0.33483797315750813,92.49708618962633
89.66671567297159,33.06173704190559,22.43859427705991,4.085268658534688,4.09230029803217,5.644712700603567,8.212495585574528,8.392950833742258,10.432335143810013,12.357790296429883,6.9905823821607695,450.41977772259804,0.1560134277138003,91.38508988102822
101.52116724330531,44.43972976863954,20.10850456333526,4.264644321609027,3.712516245745869,11.599295151959268,7.396428889488647,9.328430350999483,11.521054407089308,12.891411466409375,8.153408768215035,456.4275456930072,0.11171484507482163,93.63616353186256
90.62062527297962,95.60677026824385,16.641853698069635,3.9539384487427682,4.059039884723808,11.28402794613957,6.2588666736943175,10.0,10.894007303630097,12.17656432121961,9.007592990724484,420.48650183083765,0.562135877917994,84.14435249836504
78.77961992111041,100.0,19.076389914689663,4.276708775788905,4.047036751721319,13.332704152403723,6.170478023065455,6.1544669370379355,11.793317464444435,13.182504480604592,9.82582554588726,449.1953525516812,0.5482409692487642,71.24620313185125
50.215187354806304,73.84440210835456,92.03693327277543,4.1373933635087115,3.8638707790109144,6.88058847623229,9.640007875204883,7.445277760409049,11.453387593218618,13.368035337828061,6.736341659683248,218.44112932640473,0.6660305527648799,39.35114890657109
96.717815636413,76.88151975437309,92.54271846379272,4.515292835125379,4.067386835785667,7.980102294164905,9.805515489323511,5.749743931007006,11.465305887673951,13.170223560287015,6.984688168342848,236.90659681601116,0.6787023234950813,41.02445468518969
166.76503348179895,77.74646189306007,74.77020772569256,4.178427529035302,4.113800118987044,6.405100158799882,8.856272556228632,8.369449395523864,10.950397470222061,13.268128264612992,7.081003562720069,248.31651460013342,0.7057007222010088,40.93111417004943
202.41586248346937,81.43007393620843,92.4030006066803,3.7976568743403303,4.0188738267671535,11.35664529627849,9.83597798503497,7.041118798057834,11.066501612068476,13.421955807504144,6.966296363701361,198.2759695415848,0.6654756115558491,41.02102160693423
237.2646442115023,82.96328981730153,83.67625250960742,4.243492335080946,3.6736780642520097,7.879857320850777,8.995490491801949,9.075858945189578,11.482135757415012,13.868364332426914,7.064905347976852,164.49038604237995,0.7427823302544283,40.541303140614176
305.33226563006946,85.90925267397148,90.60537282383338,4.1121969745040765,4.2485725532551175,17.356832110248032,5.314238113351622,8.304157377809577,11.22870722551809,13.210722731369323,7.1223094424771265,241.70440439380536,0.741647514647318,41.0458643058687
8.312642434122322,90.90971532667183,87.98161942907775,4.060127496698867,3.9049985713895095,3.1275301202685073,12.890076631919623,5.7903252123375415,11.637447003598297,12.063603488320027,7.054870425264895,242.02532075877866,0.8537826547055445,34.07705210037359
40.38057999163257,87.97019057152707,93.61342550718463,4.478550740508057,4.137626128829225,8.70277594177167,10.21678021547442,7.880163472270678,11.052976227638183,12.895677824750107,6.8798590901232375,205.9860462749496,0.7542303843607868,42.02211538730483
60.729635209686386,98.61860673809564,98.39113570748059,4.152857808403092,3.8588383868578164,6.999697713364496,8.923272170421445,5.254124291647701,10.474303709383973,12.709905799680742,6.840620582298436,209.2454972652788,0.7993412627689394,43.1847636690137
86.84887907627956,94.77412798382736,78.91175827301397,3.97991804555402,4.206847513126094,7.588203890847728,6.820749969964823,8.522450530328387,11.016832643160779,12.96634231754842,7.0832177901607185,237.8095480646533,0.7760651685521539,42.22123315090631
89.84318910916055,73.55996583678017,56.82079751564779,0.9078373227427006,3.8371197320416037,13.554887120338787,4.420444430666043,7.24242749291415,10.90863589781495,13.590887059595502,7.241342322828594,253.42597870045995,0.786044881247329,40.024381896239866
74.46149504145139,83.58156423885839,64.3493198034837,1.8180924328035515,4.125193504212679,6.13070627465423,7.704172998292902,4.0,11.35341307756819,12.376985099183546,7.384743104063865,220.6961941834717,0.7541298614185346,35.51090300608071
77.67392782388477,85.8995046316308,83.55522674112459,3.335871307502641,4.171895821673185,4.712709546295191,12.827967069333276,4.0,10.711516433502371,12.559786487906356,7.084739578988906,188.87402461765043,0.7159494206212474,44.152655957712255
85.02143880815633,81.57712017887646,86.44528025967706,4.395573554941719,3.766488165346156,7.289194390911053,11.189952014460498,4.0,10.992552826200942,12.716292562599998,7.414598210874808,254.0049830109487,0.6923592087884947,37.53142310286033
80.40854213520224,90.18470066713982,96.57591328579758,4.955525577523422,3.794412761991203,12.456320273957271,9.847603728397965,4.507001059493254,11.341174065902699,13.812813932945575,7.244737539041537,242.39562303104086,0.7803282556059818,43.721587815348705
84.1232201906277,95.22247505850643,79.41824746578901,1.7995707588353935,3.8664972116821184,6.250508322784757,8.504217872317556,5.646546309132845,11.846176352451915,12.733283966959048,6.741920445310703,224.95000442793778,0.7173936155430425,39.28905930402554
88.68652871410637,93.55487821233271,92.1821619739834,3.2168205170456075,3.9392431147018607,6.550054999570039,11.950079021437535,4.950687434387765,11.414900407404337,12.657113536435869,6.909559590317212,236.83664199896032,0.7837021002050247,41.90175318537707
93.39460759789522,90.11401848669934,92.39344669462051,6.035172194092237,3.9766723107069417,2.178167444446192,11.64226812558944,10.0,11.29909030008258,12.921359002496594,7.0526124946402735,236.9181334886792,0.7709886126264072,41.6562830359786
102.61123783595818,100.0,92.18147033709532,8.309670048370625,4.19401679594215,11.020941665428287,9.040047725848055,8.374147550358671,11.487977414552034,13.175861771358052,6.884236185225672,230.79054238107727,0.7740972447594268,40.58726676399262
102.33786414492897,97.99873847837496,93.73788219963131,9.87056965613237,3.8799166389910913,9.562657409574463,9.148143910560407,7.738292522091977,10.96463795303731,11.566683081820148,7.0428610994025025,210.39179307403063,0.7377415455282175,38.63119779307821
94.63206527148927,19.1687900484273,4.164721664133225,3.594054695161372,1.9477691335127651,122.18737665969036,88.82096800377374,10.0,10.915870927749602,13.137955701771583,7.168984999343642,180.99171225991955,0.7414968152593299,37.85253182557534
83.0301528866388,25.74855187547253,2.084206333433971,3.9327530396783725,2.925771199755948,64.25429864333748,86.44504590383288,10.0,11.075518275289438,13.421433600309166,7.0766582775300915,222.3835415664299,0.7324224206436047,45.68112646435067
81.47025236614823,43.89608268301289,0.0,3.6823550498091517,4.18343055303652,40.241674900687784,87.43096257947468,10.0,12.515482582479638,12.417189654084574,7.117115748641552,261.84075347064373,0.7947492707153622,35.85571059097097
95.12025476805441,47.875747734660266,0.0,4.189930537544224,4.795961857240046,30.527537364577697,86.7470118736491,10.0,11.258442908552087,12.12065551385661,7.289865421140553,197.6778539126468,0.751966837668233,38.27535410266636
80.80798133322926,70.63362448657172,1.615442917871828,3.913737957533223,5.8734926733291655,60.3736160015416,86.77074380149008,10.0,11.397091321073477,12.73521776342341,7.131507936714677,214.18534607504438,0.7819898296133129,41.85705382845751
91.4964526557217,100.0,0.5884994362265604,3.8276324021463686,7.0928988207648755,58.269801532616796,85.92595899358275,10.0,11.695432650822607,13.833159365611204,6.800749263817432,220.9625996462568,0.7056226894348245,40.18767707437754
98.42052206997992,86.59610109124479,18.18602898241753,3.8343410406198895,4.426254128534396,6.254553285595945,7.531469046261418,4.414978600286754,11.081121566941478,12.265541038700837,6.785711132719521,207.41926661132044,0.751060213284908,41.27503212040398
88.81275144922006,0.4759602583084561,18.56958410247391,3.6331326177357313,1.2037066953889939,10.539259562210974,8.841619174145679,4.0,3.992179464154533,4.775364919544068,6.695042730354984,227.825252414372,0.6319215210258735,41.81589353168297
78.95015228050788,20.230660274377207,14.696110024018147,4.332793157054717,2.0201158691249206,3.322122305160333,11.217584355783922,4.0,6.707211477818665,7.323059198757087,6.98888558393963,200.1323794228009,0.7730167566574007,41.59721439462899
78.93414191523094,34.53984273220266,5.253381933438666,4.247746245920954,3.0347212658171387,0.0,8.310784964431045,4.0,9.316035464961384,9.258002102617066,6.9090638765229135,250.71004764460503,0.6249921409302446,40.90666206642937
82.74823573664598,43.649286178270586,13.43731048655323,3.9985973771541543,4.139584117501453,0.0,7.327398112399935,5.21907457687309,10.793227087814344,11.46583868392532,6.790622293168975,190.10491883303828,0.7133587904344477,42.28896949140565
90.52611835056527,52.71114866447344,15.427370341901778,3.870794537985288,4.986265789322522,5.478611038612093,10.574491908403347,4.0,12.254419451566523,13.957201326888573,7.004807102346329,189.88817286551688,0.6926974897452294,43.402208382905435
79.8172349505025,52.243293057764014,11.643781531975828,4.192036670214386,5.696362737605533,0.484753370355135,10.593832342705765,4.0,12.647551009053881,15.939762123594116,7.244062134030262,225.93370561859584,0.7606975752044645,40.92997714452491
77.50221179350174,97.63140715971434,17.253676409100375,3.9497154471049383,6.923101441064647,0.0,5.119414306606422,10.0,19.503040677275493,22.651524852613562,7.064679358290219,182.08152847846532,0.7369317804905176,45.363808879217295
80.01136709778133,7.3705446436134885,15.171523713048277,4.178143122419203,4.093639629139173,1.6498212815975668,2.2851699505729544,9.867399444666981,20.813252974210364,23.15983171232741,6.88100270078458,213.38143691175293,0.7775715906142282,40.14826218981349
79.41511344012096,85.71542203263554,5.206547171969733,4.158856813681755,4.001940222984736,8.665730034663062,8.253264370895662,7.684861152456802,11.003844926372512,12.272169070708765,4.042199943045262,0.0,0.9140740831184035,14.923834267013332
86.376984013619,82.25425702205382,0.0,4.358254749719882,4.400247870464362,8.748083482259625,10.92115158970522,4.039621987934156,11.142741406846335,12.17473983375317,5.0364982599152786,0.0,1.006999262956943,9.010125131770954
87.30991541688525,79.36567429662426,2.757492818286658,4.433751747516948,3.8836114296224404,14.386872141522886,4.335530432001654,5.55422904571475,11.465322093741362,12.783504949135239,5.960363424137928,0.0,1.166734491894766,11.636576320385009
82.1209137267073,89.5036962056784,2.726921898330219,3.938109999500457,3.908690447329431,6.0223113203379,6.6656745673834985,10.0,11.95454826143584,13.196479774395964,6.908028120827318,6.7823417047720875,1.1123161424651082,10.300400522754504
89.37202297687504,95.59726355341982,0.0,3.568825331415127,4.022241416807405,15.186159914323095,12.141645163727715,9.561877674523778,11.250768643366696,11.906086394347222,8.254812439688328,0.0,1.6058955236114898,14.835114157006275
96.48589291926021,88.00325132624825,1.094038170693497,3.7380047544388653,4.147597123288768,0.0,7.958737787856712,9.305239387187592,11.107368410264977,12.600301520922798,9.073266063564995,56.144364092835325,1.4898139734932982,12.299218220340691
95.29595005541829,88.85130675070131,0.7750663745105488,3.8216613379979782,3.8287802055601374,12.023948493628396,9.189502389728942,4.0,12.282508904346939,13.249874571608894,9.856217867773683,1.3258244364070688,1.663831886100753,13.465751670413324
87.77481220645224,100.0,20.22103335962338,3.820355410961674,4.027592755754041,10.797744844283619,13.10680812259016,6.27564364522426,11.082578782860683,12.44481686470761,4.188162220004681,793.9740542290845,0.6566914868802103,71.30867693442053
97.73717777185766,95.24104626472844,20.947857209932494,3.8877352208488434,4.067787841453482,14.881639315667258,8.213754498867354,6.40369592176088,10.866572581719605,12.696349322315953,4.996333169345685,623.5919992818503,0.3664036689302881,86.27000517471403
88.17899200075533,62.5898846017429,19.86546823296222,3.7060818985583164,3.729877305189528,14.574644059025168,13.413630127305403,9.586189559725934,10.740628547255142,12.569050305898779,6.157532632782693,514.2548410164811,0.31203180802801694,90.66373881950388
87.29207399088934,30.38698340038806,18.672565526766277,3.6296550634310862,4.014689704311961,13.813862618103386,6.397358535431067,8.488396691077895,11.470692753134427,12.246968710566598,6.799351777279316,435.3986366742287,0.20786384332074678,89.64216756945461
90.3119337869443,51.20793615152776,23.845029325858768,3.67385018229051,3.7753873670174296,5.663032002150594,5.052746584163662,4.0,11.288256877801881,13.501858819743237,8.18149938668876,535.5130703087933,0.11896191513702305,91.73089102648048
96.03531070421249,87.79548710728598,14.759473144809576,3.606058582984429,3.8909057612384976,10.780139132806669,10.739158892833318,6.118962150288802,11.05511569964852,13.272610371399994,8.823979911752957,438.22973708073755,0.5148044431721008,81.64386403030895
94.34159726948917,100.0,17.39340475249005,4.013807876341048,3.727516455528842,9.452981909280718,7.563252725212829,9.637689968898728,10.98353381713385,12.38683743821731,10.0,466.91502002383794,0.5462997474517576,74.02399754207191
58.40855042181679,75.0383615249122,90.33685391287885,4.3350108894404835,4.024981326498786,1.5142806560306923,4.766317492185326,4.0,10.746851561840744,14.623843913278836,7.044491190200457,200.0104853504539,0.7078209195758691,38.988502587317925
122.68892860274418,90.85508933363852,91.80155511266419,4.436082647785285,4.208021718940486,7.909511160313075,11.146964322843353,7.189398106608644,11.304296277183507,13.577785018779288,7.032707597405387,203.15635927206776,0.7294315813842442,41.75385327806356
154.45528812619634,80.90042602807382,72.38934377015565,4.35726528637669,3.7257765183653704,6.71168264048902,10.23341730212299,7.003897615924704,11.5200749649607,11.88419830748055,6.954365303983247,209.62325958888997,0.6961723087764419,41.803586873044885
190.26656410752798,82.7951473548832,91.71104453465985,4.417167034729104,3.8484509363369725,13.399929174972865,4.231397179077773,7.287042068782667,11.045065303053999,13.87123654376988,7.174065365058736,209.26126692372915,0.724215791447518,38.18687348455578
243.62388588192258,85.33132547221403,83.53752891251324,4.134810710048759,3.704578109996661,9.906642064121211,6.232000411914273,5.7512043707216955,11.857046113591025,11.303773354713979,7.023928261668252,194.37702079501088,0.6884477106699013,41.35622596128367
309.1735470037265,82.33043669931648,94.03442821975094,4.335019703233385,4.1577817450122385,6.8583521659118425,8.588236415689076,6.028486850235161,11.69777497972676,13.236118963872311,7.067346173193839,235.6776224245853,0.7503023730085278,45.777478974971444
12.913369642273018,89.56654288581773,85.48403045487154,4.272940046267486,3.930843866039868,9.793910143519254,6.549658053684134,6.91558854018108,11.171470789026166,12.340110166264463,7.0523159973428005,192.71167386494216,0.7950766332253176,42.01037060292113
28.21845791217683,94.70022515579916,95.27602550082872,3.7896258127592204,4.0675282174707865,7.696984165862288,10.447103823588089,8.31609963790991,10.782296379921876,12.62695237429309,7.38323414083207,189.57752266671707,0.676215966682771,42.196817727323975
49.32198399767702,93.92965096610801,96.13012583509915,3.7107045209661953,4.191539513094227,5.227579898347418,9.071148885774987,6.690726063090085,12.04820996753453,13.349280724036715,7.036723330195023,227.58385290547488,0.7283964135267249,38.47752457359645
85.0852539347712,80.58554352389298,86.43994350141479,4.069496809284297,4.071577829007562,7.002851655823573,9.756383163517274,9.939077832014064,10.624540324206771,12.946833307051282,6.892282173380416,247.93949358714704,0.7635040024644186,40.690963323147535
99.9290018909039,55.04652597047628,58.771530564670755,1.3075209325574217,3.8712054283105344,6.445144750705364,12.705425571246778,6.013427806274858,11.116041931246984,12.924284849352906,7.047335996788731,209.09290044501464,0.7440520568044283,40.09041484070135
87.69072494135062,61.81456939944508,63.1036983659187,1.743867049454308,4.247228248826512,2.6366735034141886,4.490400726193685,6.438930312315829,10.897874418058063,12.202444439043806,7.091108079361113,217.1234166715945,0.7344384011266184,40.641310754771986
89.93779121833009,71.63450082789836,84.89636047410427,3.2175523830314976,3.7616836610046755,4.855584929693006,10.085859873902196,6.499952150541425,9.853386379184172,11.074544904918328,6.874790498900808,206.75547945755267,0.7747485232593553,40.591571890554775
91.40241852946511,74.60233694928561,87.88162772365249,3.6431335696998337,4.068397421100406,7.598560482333867,7.1067316429269365,10.0,10.966951027491541,12.651333892007818,7.118525124350791,253.59561012426963,0.7587425876264908,39.88379031536688
83.95289727173083,79.49469086928083,98.877124485167,5.202473565806993,3.9697378238934715,18.243762371068687,10.110081280485844,4.298308116869285,11.653449687349447,12.143142577205198,7.011063035233039,217.46500227634374,0.7192745951615205,39.092363822728956
71.54464435339017,95.64965048062557,86.06160282532431,1.643160117975277,4.206897943960077,7.055967259013169,9.021037478993998,8.203184945685388,10.707581972254577,13.044299903345978,6.61027823647132,243.87028374568067,0.7843710127333816,36.61889496063485
78.78808607412742,100.0,95.84622302183914,3.9134218205149147,3.874826977893978,4.5941828909323075,10.202155744325884,8.278436567870035,11.09406096003837,11.855632550309908,6.98791371338314,217.69283372746116,0.7068087472549017,42.356202055135554
85.53806117402398,100.0,92.7470482196347,5.691105468794165,3.6777857659768136,12.074302168746744,8.140310662140235,4.0,12.196306872984557,12.711365182008535,7.160428069490518,232.2408086351806,0.6454370195028493,45.21151693360233
84.6643377644238,97.8135875336546,96.30365200687258,8.193765694039712,4.208223908054422,7.29024477324228,10.599135731451549,9.507425786478553,11.054872634969263,12.908623182384378,7.406360081996722,194.24072081424595,0.7454637534756191,41.096215777481625
92.65361735438061,90.99039235279982,96.03533006072996,9.779907592748573,4.253854275889778,7.895718073303437,10.716969756366076,4.0,10.824281536254349,11.88191263392619,6.93016971521186,267.2221990470534,0.7181105212430224,38.50967689775123
100.13777141914397,26.489702345792406,0.0,3.9512892816650225,1.8197411419659386,115.2144071989731,84.95821140986358,10.0,11.46997164939886,11.701195465238502,6.79891291772345,199.48760302168864,0.7792721532145692,43.334346439053434
96.55464491081989,31.62032153074083,4.7153254362940435,4.005520080834188,2.8012013836734546,63.085084875457476,86.87865051220861,10.0,10.818345726272339,12.561214046218355,6.975471905322003,232.78537484546507,0.7456405844037243,42.69378941370468
93.43817562239518,24.65657761147137,0.0,4.327144967783629,4.132442197259358,38.445888132188365,90.36534459624876,10.0,10.699837589184272,11.637498520054404,6.944176766441368,252.85971112259162,0.7634061164693895,47.75787261604254
85.5232223575089,60.66801155399108,0.0,3.6649208880002413,4.609591868079271,34.238962140862164,86.71540550642149,10.0,11.492529951752294,12.826667022100983,6.9404915411967965,230.77299358802574,0.7130737748634488,36.38724667681655
90.97242954122102,61.973133963384996,0.0,4.119372336023625,5.851945386802829,59.146297717310446,89.93909249377866,10.0,10.83930390312846,13.112587498551616,7.296571374470694,229.96736621579868,0.7302945491187854,41.933657718960106
85.57118809286557,100.0,0.0,4.138738597969579,7.155428556376028,63.16646721204016,89.81946252606815,10.0,11.20562661548121,12.89131780651221,6.836935553431565,223.0639339335039,0.7364011528337675,41.3214004419799
90.99073957588347,88.2193787222552,15.13905804904005,3.8505909265800367,3.997525093412151,12.846729205852172,7.742274245217949,4.0,11.382145245357389,12.973325828395181,6.9537498159178295,225.38134954986268,0.7330725094842473,38.974512324582584
91.36502400870336,1.5677633130777817,14.89104489234127,4.069615726207813,0.7208159369054088,11.750709074936976,10.810008120260802,6.298606554221513,3.4860120467344373,4.352591189639996,6.823693184633837,233.22845021399834,0.8001252579969036,38.7957308381889
89.3761290518307,25.03053767390687,10.999160369113016,3.7665304028896522,2.058375409701418,7.216082924446759,7.553016541985879,4.0,6.799858193690612,7.645294769377842,6.999002909060128,238.29076453139368,0.817430818460106,41.39906593500347
89.90970082844302,36.71136563471711,12.725597337571845,3.749602484822147,2.9271738500223945,0.0,14.800537799540319,5.4925654278973965,9.209919289369799,9.655634532771494,7.106647713982713,207.51495998052235,0.7640190531289349,39.9096768604814
92.29841462609185,37.041790539156565,15.24223642996906,4.484359400213086,3.829094038505212,1.250478032027673,11.537594222656853,4.0,11.005529883565398,11.118340437934233,7.32870663834289,252.25405928195744,0.7658766890530141,45.46811786519532
90.51380777949994,50.33681610664081,14.390643311213259,3.7484332400031315,5.212679822169945,4.731502185242847,9.253388348947404,8.09416304285439,11.450593556239427,15.223289850616744,7.061450634906356,184.96333672114108,0.7250883180884056,42.163108189041495
88.16517448220031,60.77514231961535,16.155121395327683,4.331099068881212,6.063275440566623,0.0,6.025740301988245,4.0,13.95264452575315,15.361647461683187,6.951663797363481,242.16394754057512,0.7282858546148943,37.711186755928736
85.77074267416842,100.0,15.271658586772638,4.1512417561340005,6.924440810855423,0.0,8.859633262735427,8.067477661592374,18.801957653363544,22.327946518623133,6.88854100074452,230.00784521121477,0.6942485102057241,44.90569004169336
83.54684435247893,0.0,17.63619047893455,4.108810842534866,3.4923646866347364,11.741330825872954,8.410327055831523,10.0,20.759942156335345,24.419623384943204,7.07320941793704,227.55091912432616,0.7377057527059827,43.68549693921336
103.1260684576622,94.22088419472507,3.4683303283405857,3.979199578321566,4.16392674564971,12.558256540258578,7.590397941867561,5.13994545964452,11.425675247366783,12.037949593070486,4.16675770004761,29.473525961484377,0.9098675627180886,8.629349545347178
85.25439333346466,73.11000773675495,1.0860316922622821,4.403175420385337,3.9947757274990545,17.801905546512604,8.426731202603335,5.027584026934568,11.138385114883045,13.416016770504399,4.673984964282849,36.09467781942415,1.0299775008855,16.409579597307793
109.44824677968194,73.82885174426576,0.0,3.995688468293892,3.8492093677518953,11.40413257052036,9.687446105434617,4.640868172498281,12.294786590110636,12.421430332759428,5.761328688273915,0.0,1.1233512976105224,13.748703166660434
79.72168629433787,89.98596615688261,4.293957599468796,3.686846112863837,3.925387883885807,8.139670100825553,8.56755862328475,7.574217783654712,10.833734184634428,13.477632103364266,7.010423670824849,0.0,1.00291213330289,15.704310314471511
78.48619671649492,78.62361772369125,2.302845254789364,4.38423910710925,3.9710642528993487,6.543688748219482,6.211357665108027,5.588056983195181,11.192513932694975,13.761307593585029,8.093805368350077,25.215428642174246,1.5577069510655766,14.157523565609914
88.1539405799602,83.2942723451169,0.8854438072395738,3.619841736888865,4.132830541116115,13.852134991436081,5.345166586702073,4.0,11.727419354884432,12.706433877268685,9.325673731818036,30.622816292668475,1.4858238310662046,9.2788685180075
91.31774571202244,77.70403126742211,2.6578065434094884,4.120833980542214,3.988305614952482,6.6318824179539675,9.051603165017369,6.868381146554501,12.126401371338606,13.257478684998572,9.916280245682628,0.0,1.7545553721053346,8.375514539500916
95.59830979567978,100.0,15.162818623996678,4.42943086032575,3.8965306547453573,9.275561294060813,7.8768318462572235,5.115200017393881,10.66284465159031,12.34763686743467,4.059527645662343,783.1118437446897,0.5490922796317008,70.59325717040342
93.32835954541648,88.55377716620661,21.523640104861215,4.210933668747309,4.266997862513443,10.659121800127318,10.575534970755772,4.678478554891397,11.637951518317449,12.55074887514967,5.018910678617928,647.0717778515285,0.3217910931229824,85.42218975950298
98.58210843632945,62.0898771094799,18.756485367855916,4.1127177749740484,4.048191919360834,17.130153817950664,6.491962713526543,4.792165909539771,11.115787577382312,13.708480545340763,5.952356229737952,476.46940917555526,0.20801194355163613,82.53190251122061
90.34534207486819,24.515509915740957,17.293079205637184,3.7122396170549585,3.992608523781621,2.855499593041099,2.2738373590767678,10.0,11.973836250090086,13.357232984912962,7.042197439788716,459.5455605885745,0.12371988877360846,92.5260186277675
94.05238658159641,56.56771277728742,15.434190140289344,3.7883639175015213,3.9461631584704002,12.502897950818758,5.969043545847887,7.884969229793666,11.085727746257215,12.642457148080457,8.218577050563646,488.3693759764965,0.11299559242352127,87.85466599951145
83.8250659319812,85.41317106437306,21.06587588444267,3.981070362936827,4.072617412148374,13.41692514695347,6.413927506628038,10.0,11.049120963933776,13.469030875957882,9.069842266437321,407.1842530720867,0.4641238472401411,80.46717122235701
82.76896630830412,100.0,16.932928332858896,3.4345637953292254,4.061992371411673,11.101723228350245,6.315027767181933,4.0,12.435753321376698,12.352827430832612,10.0,500.6825733747344,0.42918321987410324,79.24241406019794
37.91597139751518,74.99359400549542,94.07519780113944,4.2857857217713065,4.156277476616904,8.959847672504056,7.479072063214263,10.0,10.489124661363837,12.697609927537844,7.246014930056886,269.62811056874096,0.6965640352338068,42.21961892883858
98.3045475919801,96.31360189670988,93.54125771730023,4.0981050070149,4.148227631786924,7.534358134229684,10.911353112102443,5.967315593834268,11.269131996371344,12.43276016255587,7.097578930293226,241.78749788301002,0.7602790650782746,44.06169098483448
145.9289232674556,72.60258605195193,71.71829448848248,4.239771226370557,4.031484934423627,15.428773895886115,9.11643640785546,10.0,11.280120202837317,12.128998608921064,7.12287758432057,218.55183601175216,0.7420281481644458,37.437306194561174
202.14002029103472,84.58812554748634,90.91025731604883,3.907944982217381,4.01088537690069,7.320813492944506,6.313662757627656,5.566031259656034,11.390911549158364,13.24655467387847,7.260562356562488,213.3945449253066,0.7427837060851068,42.87188926469094
240.78059873557166,82.6858073732112,82.36677604059959,4.538565432138294,4.222585766801588,9.842311230550571,10.508102447884102,4.0,11.26106724128095,13.534112155193377,7.161494691355701,207.80346886218905,0.7518982240609358,39.38811554824471
305.72279925825086,89.32926757459629,92.6349960987047,4.320190218450051,4.125687014781182,12.22380492927617,5.627372392630636,6.167887059523988,11.75193704233242,12.2184200002747,7.160170557533365,233.82182456221804,0.80753860912109,38.57271730782233
20.27982453995835,89.54143659176256,92.37185499283876,3.8459046534093266,3.752490434977094,9.06796451401044,11.989979504279258,8.671328142898373,11.99430149435337,12.771456434609004,7.1020815590848105,240.50954859327487,0.6836446127616855,39.44011013238005
37.1291311665256,100.0,94.23318154752411,3.894206536460144,3.8964061876256393,11.392990145985038,12.267476426266224,6.444838042300439,11.760551787717446,12.40939475101879,6.927635562878692,208.25276778281653,0.65434379932025,39.775059852276286
57.69252592396617,86.89054494618028,100.0,3.839982031466795,3.8894689201760837,11.899098241047504,12.955645074342726,4.0,11.192485082001918,12.576352564858366,6.992746410775514,188.54379337777905,0.7641740010046089,38.94181526156082
77.43285577601654,73.86358726861361,86.99533908817895,4.18658903412905,4.00325840404759,12.566591444568509,8.139800671106576,5.30481088773313,10.83318131866305,13.731761345319791,7.006038748863176,215.92224096323835,0.8042169123537057,44.00672560077553
93.51243753791059,73.13181950596305,56.84037776905967,0.9977939623958492,3.869317302747059,8.077412035322402,5.977485590572832,7.130041104312905,11.046876128016851,12.945882277722937,6.9389136997096355,232.45190812873312,0.6784946131250842,38.89615645576606
96.47430532701897,81.18493957784092,64.83668160576902,2.3054721120574055,3.912001302023053,17.741475835201683,8.508595047168782,6.574620820607709,11.514144088091223,12.301140334461989,7.018171276072523,206.98422249425872,0.7229002042347359,43.470460596503166
84.83604486033948,74.30953250934029,81.96528373689473,3.3987458970994915,4.153549886371225,10.777171885744268,4.3074509086338315,4.8098020352729485,11.865397641675436,13.160059026724511,6.702193029070821,209.63937862406857,0.7874056827770904,41.5086856952121
85.16507894727063,86.53816513798007,87.95185877172807,3.905784871097426,3.875372629314232,6.689165287483376,14.368215374057327,10.0,11.75068161500889,12.694598220566409,7.038437906295827,220.31056454665506,0.7680045117693775,40.56356096353305
91.51676685529377,93.90038166274364,100.0,5.169138471494682,4.057721113186634,3.982050047700257,9.088763157117103,7.833853211010287,12.11971807320632,12.773664513543956,6.819808326593152,204.13541221588315,0.734486032930955,37.66306065494404
91.24047898910271,83.51622149155702,83.3710036113582,1.8715284880298728,3.8414911168199453,12.328152113183402,12.206109541263181,9.510340228261153,10.844772766895362,12.002266601732575,7.072726318724093,227.7046498415593,0.7461893560017538,39.34324169542652
108.74052882033557,87.73625309871005,89.29799298481925,4.010401724006897,4.061013637442054,7.197041062077895,3.5119665566743965,9.402261817750517,11.227364644926011,11.821496677394268,7.042215170240002,245.86415430753735,0.7520075926999558,41.16347084742343
97.06646403518752,97.54685131368059,91.97360848947906,5.742436310920097,4.149574813604631,4.176877686316743,10.09384220706951,7.463838269250821,11.824814653892512,13.171702531801763,7.120039870619605,236.49175779154135,0.6984175727023124,44.646763877681046
103.14296638608312,90.09827273843723,90.97105630286435,8.212693465800966,3.6644130626519007,10.026501818797238,3.7989354993585467,6.276485454768037,12.002463180017486,13.283324974471821,7.235604847679159,262.21101699700785,0.7614677732552501,39.41545900554206
93.96014161447196,89.96481911658522,87.92261750415314,9.668607917832261,4.0778749450449165,9.484660283352747,8.067035260807703,8.72504124266874,11.518608729346854,11.876342673385457,6.682535580305871,273.4706975951547,0.7469341582580257,41.453614806467414
82.01757937602014,17.995979852422785,1.0361065934565956,4.3486337702710784,1.8833960019094445,118.39644740625194,84.3842760407695,10.0,11.361373825384739,12.830518832194649,6.939799320645909,205.4937380284476,0.708358029223544,44.27569859454921
78.43174995986915,25.21070382486188,2.001159504312982,3.7938089110593145,2.8784332455783797,59.00320501472633,86.64908032469116,10.0,10.978124713767535,12.597064297644042,6.784553520673251,196.15792707082647,0.7316620749520455,40.70184745591004
95.52561421519424,41.433540292913605,3.607580799691935,3.9574024408296014,4.042993838127955,39.69908625803445,87.99438130581777,10.0,11.595662536452858,12.72630101535008,6.947190710686753,198.51183414417082,0.8506416639098441,42.804040290540144
90.90738801296853,54.702756418361346,0.0,4.221976700881458,4.972262101014836,35.350386936271164,89.67028451956034,10.0,10.692358503665169,12.201166711652819,6.900213673964623,220.92719746801026,0.7999820640362515,41.3113254247825
86.44569035091473,58.22677106899487,1.094317376493877,3.6634186838238305,6.157455474646776,53.3313097604968,96.2995881852154,10.0,11.835255131964281,12.428083366645554,7.124020239086832,211.40124781488757,0.766529025625089,41.685738908518104
76.39890560569123,95.93428994746677,2.6547391964134643,3.8947332218150983,7.000814279358751,59.56411477803651,81.76997552460493,10.0,11.282794040242505,11.471597386021044,6.842270283335528,186.80295584644813,0.623891082949741,42.85239192643004
82.135317930165,72.04231147489745,10.532011048031649,3.9508434193370245,3.9733625837647404,6.461551788210217,8.475118171393492,5.938536991433859,11.727961469065232,12.4060791859151,7.066469403793784,152.19981108450537,0.7224466069338062,41.02639957953103
96.19837439224183,12.310857838990199,12.318373976079458,4.097892251115021,0.9294083726935395,11.176691603102924,8.614363798043602,4.0,2.9893235335162642,4.916444153514663,7.20711459521336,225.69694078033874,0.7407256046012928,39.00333447272543
96.9658524251567,31.154855971283958,10.700358604973982,3.766419280763116,2.0358884245214957,0.0,8.199981959413579,4.0,6.701655758107641,7.468566857799544,7.0639976725699025,239.94249428394852,0.7927975685099881,40.921396548749954
86.621991397688,28.124352916129393,18.98053892293726,4.77460092828443,3.330018094516252,0.0,3.278598024731499,4.0,9.11646727887179,10.1599966882605,7.277696235143145,205.68342239356872,0.7832161743417151,45.702711600717194
91.24901395402671,42.587316461555076,14.207737002324034,4.37678091904469,3.8373854944657557,0.0,9.45492772609688,4.0,10.138902310241996,10.915469067333127,7.127316031182108,204.06174336499598,0.7115848016056037,41.19121203292838
98.87393148909635,42.149127802793764,11.183354847206047,3.8067045315552184,5.011274484560836,0.5827351793278734,8.104143460103383,4.476349506026784,12.742851097718027,14.727898984274791,7.014938134304601,201.27861424844403,0.7368386212280176,41.92253975046208
86.09046777726653,62.844505228176835,13.40442738216,4.082468884277815,5.8851591773120235,1.9309209330680432,9.880572761904507,4.0,14.261966114126633,15.141841129091206,6.925059898188097,206.2847932455099,0.7634583184264498,41.33244449677381
89.58163407976971,100.0,11.267344891723264,4.056445352713844,6.866207571053221,0.0,10.59330100729574,6.271333795646396,19.6503634380706,21.748462028316975,6.920917721888374,238.89253032877508,0.7745019992534148,40.24610445339987
88.07051584324643,0.0,22.550726641776546,4.004025035832622,3.7785225184293227,2.0746185572938156,8.64926690616851,8.291145525557873,20.400853517939808,23.124746269126916,6.89594914596195,179.05688916517312,0.7845963920460756,39.376601795359846
86.69422500242347,92.85919327477984,1.601467181699814,4.0127742496159735,3.749065247124848,15.907457662649318,13.110313911031215,5.96890225993909,11.950403204086783,12.805840964611097,4.211888630104691,0.0,0.8583079449169156,12.633939360092796
90.94431821088838,86.37085355140525,3.870938508017158,3.8682255462530235,4.108985675639604,9.079357127733944,9.818214461552447,10.0,11.88316393823269,12.3109465718093,5.401815146509312,13.50555162178246,0.9254005549824779,11.396649582762489
74.81782882025286,76.33024994686075,3.282629931293547,3.820101100273026,3.9938769860858865,7.311642320862045,7.73655567142794,6.607774413932922,11.291534167502212,12.578543458172717,6.456593532240618,0.0,1.0780709392205996,8.416810220832996
85.904811684034,88.476031326019,2.95039140575529,4.184650012882172,3.936326244698999,12.466602006278105,11.472049741580507,6.969531713820082,11.37326626064025,12.414958360001476,7.421571479203588,0.0,1.1646458226461973,12.011004971128273
88.12776978751485,85.75237224071223,0.0,4.159374753376911,4.0793868675636595,2.908558918568053,4.495049386409426,9.063347043323892,11.855435966920657,12.763717675084866,8.147459834248206,10.44932673414499,1.6720861645894873,10.167917733913047
106.18976258602186,89.38629247365128,4.652448556922451,4.059359954730968,3.821861858266414,8.000579892018424,7.036608835959264,4.0,11.923779697858123,12.851800181097667,8.976055633625997,0.0,1.554370864666719,13.769703588047818
98.21908899218838,61.40796040153025,7.856892267454768,4.506267204019996,3.9604753447246734,6.7555239719164,8.60416190877366,4.023276655473546,11.556317933222607,13.493200870636002,10.0,0.0,1.7722952075265683,11.770355878514634
84.41013728146515,100.0,16.02569529759642,4.119496846678492,3.9132991718412486,15.753730488915572,4.697551233718903,5.151267221446564,11.020930326668637,12.890760452736636,4.039335292603307,752.6665151581316,0.5526726682865302,64.15672365467472
98.22576476288334,100.0,13.55970297923442,4.0946826725937,4.262911059167859,12.689878819827642,10.258609053417393,4.0,11.09107964740402,12.828582836771572,4.663138815437575,698.3963041509842,0.26704317761885815,82.24187748578844
86.71242590957524,54.06536050164011,18.726152512436748,3.945911211503559,4.147183954057971,0.0,11.201398337835375,5.268205559584193,11.43498752363219,13.329042409237626,6.269125467073366,466.2666823097024,0.16015365644600504,88.15891687675176
101.93905431901176,41.32744343640664,19.67402676954852,4.123090378987835,4.106035937227432,11.130869344447868,2.841040907833568,8.360119645073212,11.82808307456335,13.360527090503576,7.049069036858047,496.36800747802073,0.22942015705259666,93.80849166442123
84.37740713767879,45.87571002112893,19.76075036639689,4.259636736658225,4.186249087405369,6.000549609347295,11.186666199593864,4.062022980079794,11.018312128963574,12.363580017179364,7.951312257542328,497.35684443067424,0.09758708120819364,91.2520408767654
86.39096333563667,87.31902874175367,18.703695418410746,3.5912608882332377,3.8762291431232585,12.181117168626338,6.375173412641121,6.766780030146025,11.31700241013259,12.875515887538166,8.971476043891533,435.52907911268073,0.5723097700995652,74.11475060762749
88.23662619781133,100.0,14.898898112737264,4.442993875807229,3.9556923306181377,15.172007270836248,10.075054355541244,5.517857151455285,11.347133552153338,12.675002267509004,9.799407586939337,446.1286511550288,0.5359015005577309,76.52073579883076
60.57520212482706,86.57540011514072,93.88455980420582,4.139196824029092,4.239718137377054,7.724164967597393,16.767915060591804,7.387324177539061,10.832228682095382,12.06909665443726,7.263428769999266,236.97913337841132,0.7984737181022066,40.512368300605104
92.42745902359745,71.46386369407956,89.46347320790451,3.910333997749718,3.75959051540161,3.6903467666183465,6.641518806424354,4.0,11.094636851420272,12.295796517709736,7.033518021418731,232.46075175423965,0.677840973660662,39.12286953525188
155.01205312367404,77.7749406445648,74.94224689237771,3.879094566779289,4.053347060572487,9.682264190473424,6.921401766603665,8.923578873800984,11.916035834070959,12.656576861201964,7.192547836184781,213.23119716145493,0.7163643436287844,38.7091397177804
194.64181627130154,81.45466354579162,92.19079661455832,3.9966860956945798,4.280129422273882,6.686822320596933,8.543755552972526,4.0,10.377450662949272,13.104702319140424,6.781648097638442,194.2259269060908,0.658324393003994,41.373775199976826
258.47374985163856,83.53041079170282,81.95211844816657,3.398441495325899,4.076394869837167,15.13975770628862,8.158615966258749,9.935212294864979,11.650011051748525,12.729720574834104,6.751218467602065,260.37458949490525,0.7289541987304733,38.354459961050566
304.28384490360196,79.8399784826749,90.87487688282,4.006691930170496,4.163653992703285,13.550710043969946,9.345290827693134,9.05239464680362,11.211222057226816,12.768359150086448,6.826852847394377,208.12969924055727,0.7193723776391308,45.84801427303895
21.592884867635473,100.0,91.9126881819094,3.230590608377632,4.0509022723144525,15.215964449231093,5.784666623259137,6.6501642459241515,11.994824512987062,13.145665934899458,6.891808760505444,211.58022616248962,0.8356454842612169,42.29116735470634
45.38132998250768,95.30815433520195,100.0,3.881330597748674,3.7235443495097966,11.186084854455,12.406319481639926,4.0,11.003639596542762,11.910438910532767,6.950050983374214,231.91442119662645,0.6726411825550683,45.0348655455667
57.421666598924695,91.21679471779234,95.91533429894446,4.2705500682563295,3.784847517315707,12.690736587304672,8.60599976756158,4.0,10.83753733093207,12.366128609428053,7.227045222467973,239.9968433189099,0.7228996534563548,45.497404786899054
88.52505484833735,79.03591434305234,90.54994561145361,4.221364531359135,3.9363684093136087,10.272596030150982,9.28800463378563,4.0,10.875502894558933,13.254224474948717,7.028760704250164,239.04098579676176,0.7871267228445458,39.68824080115235
88.72138200768359,72.24905594764284,57.933210108779924,1.210954248923462,4.323931715949403,7.809844656000535,4.422664517438911,9.005155255118524,11.158048593332031,12.606528400961436,6.916824028657974,234.15413559593412,0.7835959475010039,38.778721404346086
86.77263568668806,76.67359831973484,61.581907745034826,2.1231278651603964,4.009780703958628,13.686905608003233,9.785943819373694,4.0,11.192537017935544,12.802316228144617,7.129587770103436,264.74769163128303,0.6524940293941599,41.419532713956336
87.74186451802224,77.13425345086631,78.63501630546898,2.869669353165716,4.3468434222238646,5.372902900194556,6.461321167014271,10.0,10.747832415954832,13.567676535006532,7.042949311954536,185.6683842599068,0.7733065143537363,40.09040023188235
96.75164027561699,100.0,87.95782838651145,4.187246670731998,3.4438093748937653,18.691583602642453,3.799879315749605,4.0,10.89615666265197,13.972521308091931,6.960842946639975,202.5015004893795,0.7894875930511703,40.818783518173824
98.88162814665549,76.00508499145744,96.88385827796421,4.992401287619152,4.187650727090121,15.814833501448078,9.906397771720966,6.0819799559689445,10.838015625279269,12.66508992054653,7.019328758169454,186.86488850811173,0.768203238467237,41.6860850533555
100.66087066406357,86.52516294763937,87.26938805437382,1.9347975286738457,4.239685402303364,8.827599811942903,6.083355731637301,8.902788296974622,10.59540527254114,12.260563743395627,6.842996041942661,246.60310899724843,0.6737593451689643,42.760359537198376
81.16263154452764,95.60035914347499,89.43847621020016,3.6429679096016043,3.967010490816346,1.0742400755721278,7.754700668119478,7.1987029492727315,11.698478020990136,12.837628848131223,6.9228790696714695,217.41743933047277,0.7678347155576406,40.25931027988137
86.60334941956265,94.79687929863617,88.40310504889777,6.394825063153821,3.977484350212673,11.748739224250032,8.657627750951555,8.893067368313204,11.524360461674927,12.856982958422922,6.929701924838316,225.93677127967644,0.7748324216590674,40.638141148067554
86.55088863800061,100.0,94.89083404227544,8.067703853412125,4.113140033540634,12.124097032597959,8.64130308156679,4.998823861254668,10.763934656423757,13.153307449744824,7.147681713812147,233.23267168959964,0.7161383890448636,39.440681796450605
88.9026885007197,90.51127746929438,89.72582759281823,10.11247225045689,4.007456554701577,5.896281151236538,11.549757445311704,4.158910801444211,11.750342148152244,13.65236387523327,6.740620399864027,199.97879897861856,0.6843388799700112,38.89270562996172
84.21790449568748,18.704069922206866,0.0,4.107003021026377,2.1262140481690444,115.65582087931512,90.08438034218167,10.0,11.347479713654883,13.352441188012348,6.779565899637686,196.08407293128818,0.7941653739738926,45.06942773303343
102.09495869650495,28.520937401136106,0.5865367702238534,4.203849960457922,3.1087074866198265,58.852331083575,90.56482245895194,10.0,11.657811791015677,12.4097884177132,7.249930934896509,201.5468081851559,0.7488322457642246,43.104320365510304
79.35386580306368,22.851843566291787,0.0,4.221578185271927,4.059630861065881,47.34676118267378,90.46777422384902,10.0,10.987435524744333,12.836811972915662,6.853336380068436,179.2414810068933,0.7305534474158346,43.142508334941425
77.5496783548415,51.651823501713984,0.0,4.191819242563759,4.677077221039293,29.810655824152057,90.26595018940259,10.0,11.082769834685115,12.229870523666484,6.858180682940027,242.63292947292308,0.7699587912972725,40.78734577509552
84.43145449767916,59.074216117931876,1.8533608270235598,3.954165149691962,5.858610550653628,58.467913305508446,89.19587064847454,10.0,11.037544573148347,13.2394898697261,6.9601244643454345,225.13754179181686,0.7479263515029114,40.86594944541837
102.61000711814309,100.0,0.0,4.026436710167358,7.082873107422591,59.53891057798494,84.16376340426095,10.0,11.978328604319922,12.923440683403772,7.2340283465955695,259.5442159351956,0.7130674496996552,39.79417387793047
74.24705681041901,72.02522939970261,21.18375419869414,4.304532834062692,4.135794492809902,10.208067690492294,9.37167835397278,6.253010842814657,11.76979571743663,12.382915349718779,6.929577456302689,250.9260514959662,0.6882570313641686,42.50443453581682
81.85379068534574,13.060593494445634,20.628797784495724,4.259184856955597,0.8353217259856156,12.25870845852311,4.285759040011672,4.0,3.4083862296170473,3.9649398324544944,6.952450732595638,223.27763397263976,0.7770448157874669,40.59339362406511
87.2756746128481,19.626825890790688,17.398484678374043,3.7938125372940177,2.1108494569656857,0.0,7.055865481695783,4.0,6.619610851905701,5.688174263974172,7.006715418333053,181.4771465594207,0.7398516475802966,41.83195865096211
90.42492803541906,33.154627792892775,14.911222300781098,3.678976646998155,2.8064046928674977,3.85827931978484,8.013391147147017,7.448692958670889,8.531102943808769,9.728381874888651,7.247630245293094,223.7645450113221,0.7332662667291137,40.36567246978373
86.87435378453787,39.00823233123967,10.110950049852065,3.8588754503613796,4.281729153613641,4.690336669535178,6.50401258737143,6.579566320099108,11.48672498792629,11.821057785133995,7.155525462564676,188.72535263436583,0.8052184081752254,41.845333758298395
83.97820601884672,39.254055991499,20.724332070847193,4.053642535287544,4.886803108698923,0.0,3.8963026432955825,4.0,12.05766188959395,14.253682701043275,6.701343276762247,224.6457030856143,0.7360658688011682,39.956625351257806
101.31429583514655,55.70843033424842,12.398741809177825,4.291822146799812,6.118097710483304,0.0,6.151337379879891,5.127792195905353,14.706724942583115,15.758274179755222,6.883810554615128,185.24455336412433,0.7663527112677999,42.88821843658926
76.58672464678682,94.27962045814637,14.707809634713476,4.365225234874535,6.881647579229056,0.0,7.167382680600836,5.939230407319519,19.862934910642696,22.01677691260011,7.102301997684316,211.85936266067162,0.7118642689765873,39.86240956236254
109.88673635616641,12.85138546366384,18.195086691434195,3.7410615890009624,3.990630005016299,3.760769420003034,14.919373628743951,7.378087441935643,20.147310664371336,22.03217067687875,6.888120953436983,208.19122422457514,0.655814296742995,41.48550748085953
106.01870952546808,83.26332347091059,3.861214475514915,4.204031373062193,4.191756536614413,10.779909384074074,6.315032341060467,4.0,11.037395500862122,12.555267920171778,4.1576832707589375,0.0,0.8287599024288945,19.38343376591594
89.04044301441053,69.62292680616919,0.0,4.419445665344812,3.818127706440169,7.798091773554241,8.643171561430735,10.0,12.359185812750122,12.979751725309914,4.7169659927756,0.0,1.013637949070243,11.93747072638575
94.85367187764624,90.80131333158943,0.0,4.402789784315677,4.329989265441669,6.887003221015338,12.441099121857924,5.717237740598818,11.920830776736707,12.369675694118358,5.754571863081535,28.66009482222331,1.1214433843808795,18.92462528694404
82.35079226332803,80.8527078119396,4.3814714367513234,4.505700108065688,4.008082782090772,14.72672034808495,10.770046547796742,7.076536923644472,12.171719024866288,11.582302785826393,6.845094875996805,39.493061878110716,1.0509536637438885,11.530473714826073
99.56504680776877,69.55815756427273,0.0,4.045297956716682,3.943146358325135,11.482771122085163,7.568002413735759,4.0,10.999832038293151,13.316264374812897,7.983746890955098,2.2249555034307873,1.5553396762178069,11.28197552160977
86.7335774666892,81.79304687379211,3.9620199177204394,4.013701614180645,4.047683692501585,9.165727054510485,7.185038770397598,6.72448023565314,11.71440574762148,13.13218481731252,8.731198919981818,0.0,1.4482762713333064,15.382462811527876
75.90626260345711,78.86328986422136,6.092519624060076,3.8812527543233575,3.8777792078458604,5.824223854943094,6.828150416690498,4.0,11.96551003760617,13.526732658492739,10.0,0.0,1.705917217127167,16.355488205968044
98.43420034081169,100.0,18.72449841284707,3.6467546492925242,4.43913932647093,11.999299754893872,6.768789203465408,6.534368137897293,10.886428593626725,12.22493024507019,4.0,771.0347601112278,0.538020892373208,72.10301965013312
104.90432341360733,93.33304838921939,15.819400714967855,3.745825593353712,4.158266243066101,8.788058507640416,12.204416633668503,6.729193099348339,11.140374077721804,12.979075671755366,4.924041686288396,645.4071246975429,0.3063093499144569,83.46344651000831
85.61981587337557,64.67963604596372,14.199709433366385,3.781255777401427,4.074590284544936,10.2202503762969,14.358797272835428,4.0,11.62569360669535,13.366137881645441,5.934507330674524,463.87674840866003,0.2297801302810434,88.18979614779595
85.0250510865414,24.328218147301243,18.744053971978833,4.2580378419645415,3.940867330499417,13.431620759801548,10.935499889292423,4.0,10.943318115309307,13.131607646284056,7.097486792406533,488.771601574399,0.225134400674096,94.89824239838465
77.55852879758557,51.67570074374247,18.167900411125473,3.841583455356173,3.914858791533877,10.139509658090898,10.167201154478025,5.655854098957957,11.309733080530588,12.142778235361398,7.909823692605734,487.3871512648526,0.16220028913214077,92.06625835082448
78.60215363861514,96.63114174826897,18.39388569527871,4.221914935328621,3.62628372356731,18.599216956086828,12.949703797914129,4.714563113237736,11.202239491936053,12.898370707296943,8.91257293646672,388.9055016189332,0.4757072929444211,77.27383334947089
79.30633708806909,100.0,16.829431787878946,3.728291972241982,4.106645722403599,2.831142267131365,6.732178849883548,9.542969537700959,11.108045241286357,12.385082237841443,9.82950229314812,443.3690482629279,0.46904714476569376,72.83430129351662
53.97202893351253,72.12166934730739,92.2147043706506,3.675719023465484,4.009304207299504,10.114642703958774,10.520363614005106,4.096724855841915,10.903472632115871,11.928238420309984,6.682446604864086,249.1548196054174,0.7350892021998885,41.4186512408147
110.118406692508,85.29817402455907,90.56063557526952,4.514727314823537,3.9442925387952967,11.04669810717822,5.689035106343898,7.455049815560634,11.218448406360944,12.450125439767564,7.092047431103629,230.22291952060309,0.7438303286403779,36.75431778664865
137.4877773002881,87.8282845938687,78.22260917048224,4.21229694292778,4.06958725125373,7.2536756194057315,9.329234670126848,6.790396774366293,11.61636675501352,12.902431922092996,6.701394905553043,222.23490885994352,0.7641193413331283,42.570928051731634
202.94512186238666,86.69932266689601,95.3010439616303,3.4133999496186136,4.086529108768293,16.610945194573127,8.735662950545317,6.264407793342558,10.524506419266817,13.674903093647817,6.791193903052685,248.37060013599458,0.8139136737240192,42.558150187779745
257.20261345032924,88.04777659174636,83.36722519750138,3.897708954538672,3.9074585188640794,7.037502601923911,3.2121276272209798,9.872302821848695,12.109346186417362,12.362669402141442,7.11826103257361,226.9747279893239,0.7826148383653911,41.60172772586088
304.6320783073728,82.0242361482933,95.0207827607783,3.8338380744064002,4.213142939066561,11.046252639680414,10.065143076476852,8.74169178370365,10.472718960407299,12.700600498895506,6.747768466437455,207.82002932614716,0.8138984230859835,39.731173689210245
30.068812035661445,85.93150232357331,92.05718759331391,3.9308521227101965,4.0260371554144765,10.061322448139316,6.273110507997151,5.351834045225983,11.54531143566607,13.039051516306179,6.9497571604843245,220.46340199045608,0.7068257286166866,42.85643728625109
45.82829041029278,93.95319122754589,98.7723812007648,3.875996634217995,4.044954185153279,6.425810741647732,8.115743844021589,9.071333229810318,12.175976254063993,12.956242941581229,7.094181554052591,233.42901523272968,0.7846048046628138,42.116114290052536
50.98110237000262,95.01236142086745,97.12288203528604,4.2817231460973115,3.9423886514480753,10.710407970152158,6.659134056131976,6.060842329530029,11.962783759330922,12.519769429543674,6.671840234869817,169.328626096289,0.8221681057337772,41.667856785882506
63.82548276077185,79.6751099044091,79.67738595645814,3.9548648450627835,3.8622733398753755,16.282634013995512,10.261307188303514,10.0,10.988415854773445,12.745359253464395,7.074650672030243,226.5257076838584,0.80738042867295,39.66633132490216
101.51284836393619,87.74307199464664,51.52059661754758,0.9505917802518513,3.9726759877716353,5.306999052069914,11.930287999777939,5.751254257689224,11.637379946351764,13.597914117327546,6.758115781698646,255.0801230445842,0.7233641737653335,41.192266467611724
94.21569781750385,77.31564440764524,64.59751258784162,2.0558655631890863,3.918390901926022,8.266985258716417,7.628416032138636,4.0,10.63248487228351,13.08554185743687,7.002348016463503,219.17569656574466,0.7312002138100534,43.37073200648778
77.95381541901993,91.31225953703765,85.5173736117333,3.0141114321448574,3.838126819083471,9.027157381522885,9.567924159828742,5.857015978168802,11.185252567640838,12.6629079629061,7.145203173665544,205.7951566025688,0.8287441849732579,39.65478392985995
95.85661418871526,71.58168409392627,89.37757187444191,3.8660096020081545,3.8695452550395872,10.234179093792942,6.800917323378702,8.570595341922779,11.042548624518904,11.789656522851306,6.999265024659811,204.1109962800267,0.6515635762536004,43.398230925369795
81.97540218438455,92.4277715902129,90.95346909156703,4.943266075365116,3.9960950267201856,10.182541566659381,8.818593066621792,5.0506535371847665,10.946533193269323,13.478833744411013,6.619104154883293,188.82776240682009,0.6958832497359173,40.146979945983844
82.24791728279831,82.20229278318885,78.14393775216196,2.0160749306559906,4.153317411835596,8.21775333039317,12.243578399414654,10.0,10.770692492758727,13.022456796150081,7.226879862537035,232.63725924217638,0.8324905131487332,40.85588974855652
86.66711838852419,83.75870555799125,91.03530041933854,4.008675364306466,4.090259891141979,8.780606364599087,13.594953268631905,4.0,11.065553463770824,12.280412164366034,7.182948076959473,241.69719071033188,0.7145392644771358,42.054299615366794
91.11444679058306,94.75799188976293,92.83426274368014,6.512646986345431,4.13402867661285,11.642176494131684,6.02681960736343,8.089676774036533,10.945965115397422,12.746068002907476,7.0654209978492775,193.98152476473567,0.7150303657706915,43.34819148451932
85.91261549131333,89.94764711479702,91.89688663430852,7.90347544820687,4.184164523181997,11.812695204020775,6.764395604690774,10.0,11.620351698875,12.391785599048651,6.668161498551914,244.1205041318333,0.7195447010492746,39.14996102176659
91.92113471018033,98.96992789149098,89.83004212471049,9.698027464094388,3.734481579899556,8.689796905151164,8.103204258760188,8.608676567212498,10.920887865471933,12.404928232560966,6.922201226577215,239.81228953244312,0.7669543879625762,40.4965692676678
103.59139398306641,16.803274327081162,0.0,3.947168677050951,2.145812465041801,116.46089411246633,87.42455549061704,10.0,10.466623873803881,13.49629950400849,6.706169810930553,220.3193520625368,0.7637184068445817,42.34041952506317
80.44694344058418,22.07072452985095,0.48737752467702283,3.8867670501025566,3.0149039815417944,65.01906103121439,90.31702570265284,10.0,11.750838594415388,13.331901728603132,7.117891420523361,227.38200773098777,0.6674215401206511,39.22827798814334
87.19546061751065,47.583528064073704,0.0,3.9388531534528184,4.102555320557527,45.54278826554725,92.07177559289681,10.0,11.246957477266777,12.879266403986206,7.104229781027186,222.16259432159256,0.7623113968508662,42.78064663691303
87.5705486600245,39.084641971512994,0.0,4.098157230004514,5.0655593773958,31.724349297777483,90.02058959189365,10.0,11.50021276444437,13.253559698329463,6.786093033989819,233.13960993177835,0.6925133115143363,40.147621229305194
102.23648832970638,57.39065702704823,0.0,3.9664185520168838,6.04706705063586,57.30714730646076,92.75470798190085,10.0,11.520530010404475,13.833291386647288,7.046840226369707,217.16755459111505,0.7056314066923726,39.61387715915679
78.59918819566741,98.47252135941905,0.0,4.624744117376857,6.835898068966202,47.28501328301503,85.48869875755813,10.0,11.135991435353452,12.217489912759314,6.986010984534957,187.2295665711359,0.6677721900634833,42.652081175984634
90.47472090660311,72.44427373644379,15.989436749208686,3.9551895499210756,4.062039395476996,11.614045557288549,7.609013708515786,7.282975309422052,11.194780216809162,13.632946372305355,6.960719673288266,247.8527005850499,0.6567816335805029,40.75863773776206
87.32646022691837,1.3917289282978995,17.396741454408993,3.73602353626194,1.1335754436371883,12.33852834332641,10.218903222321392,5.301142082265143,3.9378909621804037,3.9548328446594985,6.960130401629732,262.01793872068635,0.7281063494888966,44.9302076268701
93.50556657873403,23.7141409175864,8.873643141502496,3.791682636551589,1.9454765304180117,1.9594868301293356,10.465654023332911,4.0,6.709645003310652,7.336784957877289,7.040055154953888,226.99514372896283,0.8181520923739696,42.56727373513611
96.35127454646677,32.29134073699189,12.767591850124965,4.093489677614255,2.7968974784283698,0.0,9.09772159237423,7.956704854444519,9.43663236147235,9.425464787442177,6.973230998746934,236.31975268190894,0.7450925755918012,38.74622659185749
97.04540899031483,44.53928109982771,13.475824931196758,3.9183072303248156,4.118263466171787,0.2577227512100975,9.366574319578852,4.0,10.022430628733101,10.827136848863981,6.922315095085078,226.80257400914695,0.7761794362942291,37.42545853776744
86.1215767085383,45.90376761107977,14.079393727453212,3.9031884996873103,5.162431917372994,0.6316227843268231,9.76764491580296,5.6717422932823975,11.992797978827353,13.128735601801289,6.802106273616177,176.95348065257397,0.6664723310711805,43.37834678785471
87.15680410273028,67.76551904850521,16.594628977035196,3.886296988412592,5.960737028534061,6.703450161710595,8.841659002685308,9.4368126999086,12.798587681296333,14.704187808863256,7.091760222841823,218.4604986258487,0.8047220479161259,41.68127252022306
94.61072459065832,100.0,12.480906255936286,4.12641493040229,6.78935955282593,2.0097419669297665,6.5790469327660785,6.752493016038795,19.35721655228423,21.560456597366656,7.142665702265733,206.38445920656306,0.7525299224985165,40.38595287054163
77.94470670125571,5.216128222413251,16.18883382668536,4.002247145984869,3.6560568619886262,4.0577031729716335,11.204692180942025,10.0,20.52978558597894,23.6709274231017,7.248921975555913,229.54834689251135,0.6834974035632977,36.97965722283823
90.79798969068473,78.89578878670146,0.8900144689457908,4.199399224366379,4.1460850910331395,8.208607990340568,8.733551980901748,10.0,11.474340914597821,12.931144013935276,4.0,73.99166810419202,0.9146575210696024,10.721079894060244
83.00641299930928,84.3413945458496,0.0,3.4525182709936697,3.8592916556549333,13.84335607219191,8.386722541563717,4.0,11.316385625803658,12.179535519421282,5.044158060257434,7.570064021797561,0.996747990467813,10.533000890964276
78.56333788213414,76.56085298487119,0.0,4.025556435368602,4.425739332789489,5.719876352280526,3.469594573206562,10.0,11.115846859872176,12.774821201142132,5.8778804990293185,0.0,1.017742496592755,14.688504257843228
89.12734738919232,78.53501295542999,0.0,3.6713751264958443,4.151573608197772,11.477144805969528,10.548607412777535,5.930377903431955,10.937632610808508,12.740928047638615,7.133373561804606,35.24387967526096,1.1281762890082006,14.073185925308527
96.16549590959198,96.1078079008322,5.592894652065415,4.113658535266826,4.337494761923043,8.793444971167581,11.095446404251996,9.614628295356717,12.12373890962012,12.26074774045584,8.302748286792513,15.902327851549092,1.6907268136768145,7.82834719878609
92.97056278095491,88.52843239209767,0.0,4.546224093614083,3.8461229725311075,7.829608044606769,7.728085850467201,6.253658658412253,11.697878990946865,12.58888323288905,8.874427978428308,8.15812286632518,1.4480184524709183,14.225401471543567
73.60804243599182,67.07068887604905,4.8753894717148665,3.751486035066365,3.986966471199699,11.23691930622822,9.966245536626143,7.460889120587135,11.26445390968912,12.703761981376003,9.892400451649989,25.582850799029305,1.6651527836626439,12.457918139539549
101.12975915595452,100.0,14.453503306261512,4.064133166592501,4.028012876651586,7.1094136482650665,7.392927509238846,10.0,11.500522967824939,13.357561128243837,4.02192507508797,797.1708738489506,0.6213403589338871,70.04667481849212
86.63664757787427,100.0,18.141872999717954,3.9522725801472247,4.310317011740603,14.305194321557813,7.834709387414504,8.78841753078807,11.538591723560208,12.265196965413212,5.02659327438837,655.1355982944269,0.26282574514555945,83.9818316227893
77.74518940660104,56.36923603928117,15.207674472807135,4.355846372290747,3.968481160134089,6.752219438885863,13.114649862900514,6.084099789550664,10.877690730998621,12.956408287480741,5.694277894970956,492.20867764363015,0.25701709249014065,87.61308691052007
89.29198715488722,28.430071668833158,14.740962071637329,3.564721729680259,4.127064229746628,7.483341062553489,6.879720433646897,7.082379379552969,11.134754979770015,12.833665246978436,6.950517174949547,445.4945718671922,0.20173535602396214,93.73236731868593
103.19884718346711,47.794814073447604,19.35289510839067,4.2049272365448225,4.159922769532991,9.67305258187012,5.969122498585978,7.749227343166255,11.428699610880496,13.23338024853664,7.823377334614188,471.1690254039224,0.11127121753028883,89.13624430908541
94.48832659540139,92.32843031263538,18.11989430257315,3.8365015297521055,4.093088249340856,12.133752989737815,7.043627803345359,7.708926147606104,11.45457676096375,12.419727949819391,8.891902937896404,432.73870645516973,0.5059603806027945,80.37557059571708
81.1169374062337,100.0,14.9772414294929,4.250544203484787,3.958865861526584,8.59228094860402,10.860512759047573,7.393440156306937,10.89374405894911,13.094987303057739,9.989344544526372,474.85470607015674,0.5458693452613628,74.28947786325018
